Data;Stawka;Obrót
2005-01-24;0,0543;2047
2005-01-25;0,0608;2992,5
2005-01-26;0,0733;2204
2005-01-27;0,0703;2970
2005-01-28;0,0537;2993
2005-01-31;0,0639;1735
2005-02-01;0,0634;1594
2005-02-02;0,063;2288
2005-02-03;0,0622;2713
2005-02-04;0,0642;1600
2005-02-07;0,0648;2645
2005-02-08;0,0636;2344,9
2005-02-09;0,0623;2199
2005-02-10;0,0622;2538
2005-02-11;0,0636;2792
2005-02-14;0,0635;2506
2005-02-15;0,0623;2440
2005-02-16;0,0627;3177
2005-02-17;0,0628;3480
2005-02-18;0,0572;2333
2005-02-21;0,0548;4211
2005-02-22;0,0524;1880
2005-02-23;0,0505;2839
2005-02-24;0,0533;2749
2005-02-25;0,0526;3188
2005-02-28;0,0604;2869
2005-03-01;0,0616;3085
2005-03-02;0,0616;3023
2005-03-03;0,0621;2150
2005-03-04;0,0668;4065
2005-03-07;0,0683;2705
2005-03-08;0,0653;1975
2005-03-09;0,0629;2617
2005-03-10;0,0628;2095
2005-03-11;0,064;2045
2005-03-14;0,0637;1790
2005-03-15;0,0629;3803
2005-03-16;0,0633;2797
2005-03-17;0,0661;2806
2005-03-18;0,0632;2222
2005-03-21;0,0641;1750
2005-03-22;0,0624;2474
2005-03-23;0,0632;2317
2005-03-24;0,0649;1480
2005-03-25;0,0605;2165
2005-03-29;0,0675;2323
2005-03-30;0,0785;3480
2005-03-31;0,0602;2590
2005-04-01;0,0607;3989
2005-04-04;0,061;1182
2005-04-05;0,0601;1629,5
2005-04-06;0,0604;2200
2005-04-07;0,0615;775
2005-04-11;0,0588;3364
2005-04-12;0,0534;3750
2005-04-13;0,0491;2792
2005-04-14;0,0504;4268,5
2005-04-15;0,0583;3339
2005-04-18;0,0629;2970
2005-04-19;0,0673;2990
2005-04-20;0,0615;2630
2005-04-21;0,0587;2495
2005-04-22;0,0554;4253
2005-04-25;0,0637;1335
2005-04-26;0,0623;3325
2005-04-27;0,0592;3031,5
2005-04-28;0,0578;2125
2005-04-29;0,0587;1884
2005-05-02;0,0545;1529
2005-05-04;0,0543;1963
2005-05-05;0,0531;2827
2005-05-06;0,0567;926
2005-05-09;0,0564;1570
2005-05-10;0,0554;4150
2005-05-11;0,05674;2555
2005-05-12;0,0588;4113
2005-05-13;0,0552;2150
2005-05-16;0,0546;3057
2005-05-17;0,0552;3479
2005-05-18;0,0551;2625
2005-05-19;0,0539;3638
2005-05-20;0,0532;1392
2005-05-23;0,0535;1653
2005-05-24;0,0526;3170
2005-05-25;0,0497;3930
2005-05-27;0,0549;3032
2005-05-30;0,0519;3150
2005-05-31;0,0541;2305
2005-06-01;0,0494;1813
2005-06-02;0,0508;2923
2005-06-03;0,0543;3206
2005-06-06;0,0553;3151
2005-06-07;0,0543;2387,5
2005-06-08;0,0535;3174
2005-06-09;0,0526;2592
2005-06-10;0,0548;1522
2005-06-13;0,0516;2993
2005-06-14;0,0518;3279
2005-06-15;0,0523;1710
2005-06-16;0,0544;1605
2005-06-17;0,0523;1938
2005-06-20;0,0508;1251
2005-06-21;0,0506;2840
2005-06-22;0,051;2365
2005-06-23;0,0514;2933
2005-06-24;0,048;3680
2005-06-27;0,0428;2498
2005-06-28;0,0407;2400
2005-06-29;0,0411;2980
2005-06-30;0,0496;1530
2005-07-01;0,0494;1420
2005-07-04;0,0503;1220
2005-07-05;0,0496;1151
2005-07-06;0,0482;1640
2005-07-07;0,0491;2399
2005-07-08;0,0504;2127
2005-07-11;0,0501;2515
2005-07-12;0,0508;2030
2005-07-13;0,0511;1089
2005-07-14;0,0516;1650
2005-07-15;0,0492;1735
2005-07-18;0,0502;1228,5
2005-07-19;0,0505;2370
2005-07-20;0,0504;3080
2005-07-21;0,0503;1245
2005-07-22;0,0492;2150
2005-07-25;0,0501;2410
2005-07-26;0,0475;1900
2005-07-27;0,0432;2568
2005-07-28;0,0442;2780
2005-07-29;0,0521;2852
2005-08-01;0,0465;2904
2005-08-02;0,0467;1134
2005-08-03;0,0468;2106
2005-08-04;0,047;2822
2005-08-05;0,0477;1710
2005-08-08;0,0474;2325
2005-08-09;0,0466;1845
2005-08-10;0,0467;2653
2005-08-11;0,0475;1618
2005-08-12;0,0479;2268
2005-08-16;0,0503;3670
2005-08-17;0,0507;1680
2005-08-18;0,049;3250
2005-08-19;0,047;1425
2005-08-22;0,0466;1354
2005-08-23;0,0465;1400,5
2005-08-24;0,0464;1740
2005-08-25;0,046;1583
2005-08-26;0,0467;3065
2005-08-29;0,0425;1790
2005-08-30;0,0395;3574
2005-08-31;0,0457;2695
2005-09-01;0,0451;2330
2005-09-02;0,0457;1370
2005-09-05;0,0462;1410
2005-09-06;0,0453;2230,5
2005-09-07;0,0447;4990
2005-09-08;0,0451;1788
2005-09-09;0,0451;3993
2005-09-12;0,0451;2009
2005-09-13;0,0447;2927
2005-09-14;0,0452;858
2005-09-15;0,0445;3810
2005-09-16;0,0447;5450
2005-09-19;0,0447;2150
2005-09-20;0,0445;1538
2005-09-21;0,0446;2524
2005-09-22;0,044;3020
2005-09-23;0,0454;2185
2005-09-26;0,0443;2570
2005-09-27;0,0473;1660
2005-09-28;0,0503;2828
2005-09-29;0,0594;1968
2005-09-30;0,0458;4008
2005-10-03;0,0455;2688
2005-10-04;0,0454;1951
2005-10-05;0,0452;1435
2005-10-06;0,045;878
2005-10-07;0,0454;2583
2005-10-10;0,0456;3129
2005-10-11;0,0452;1927
2005-10-12;0,045;2133
2005-10-13;0,0446;1888
2005-10-14;0,0451;2524
2005-10-17;0,0451;2428
2005-10-18;0,0452;2398
2005-10-19;0,0451;3093
2005-10-20;0,0448;2078
2005-10-21;0,0458;2598
2005-10-24;0,0452;1840
2005-10-25;0,0445;2873
2005-10-26;0,0429;4672
2005-10-27;0,0436;3433
2005-10-28;0,0482;2335
2005-10-31;0,0466;2404
2005-11-02;0,0462;3540
2005-11-03;0,0458;1393
2005-11-04;0,0453;3100
2005-11-07;0,0445;2296
2005-11-08;0,0441;1895
2005-11-09;0,0438;2534
2005-11-10;0,045;3380
2005-11-14;0,0451;1880
2005-11-15;0,0448;2318
2005-11-16;0,0456;2340
2005-11-17;0,0449;4723
2005-11-18;0,0448;2507
2005-11-21;0,0456;2590
2005-11-22;0,0448;1790
2005-11-23;0,0451;2075
2005-11-24;0,0447;2843
2005-11-25;0,042;2370
2005-11-28;0,0338;2680
2005-11-29;0,0316;2481
2005-11-30;0,0449;2399
2005-12-01;0,0445;2789
2005-12-02;0,0444;1315
2005-12-05;0,0442;1998
2005-12-06;0,0435;3902
2005-12-07;0,0421;3592
2005-12-08;0,0436;2350
2005-12-09;0,0428;3169
2005-12-12;0,0367;1675
2005-12-13;0,035;1513
2005-12-14;0,0365;3443
2005-12-15;0,0361;2734
2005-12-16;0,0453;5699
2005-12-19;0,0462;3763
2005-12-20;0,0455;3291,5
2005-12-21;0,0444;2592
2005-12-22;0,0448;2390
2005-12-23;0,0395;2935
2005-12-27;0,036;4100
2005-12-28;0,0379;4453
2005-12-29;0,0334;2281
2005-12-30;0,0395;2328
2006-01-02;0,0447;2857
2006-01-03;0,0448;3709
2006-01-04;0,0452;2516
2006-01-05;0,0452;1213
2006-01-06;0,0447;2770
2006-01-09;0,0447;2215
2006-01-10;0,0442;2792
2006-01-11;0,0441;3457
2006-01-12;0,0443;2370
2006-01-13;0,0445;2583
2006-01-16;0,0439;4038
2006-01-17;0,0443;4510
2006-01-18;0,0443;3886
2006-01-19;0,0445;3764
2006-01-20;0,0344;4459
2006-01-23;0,04;3495
2006-01-24;0,045;5600
2006-01-25;0,0452;5310
2006-01-26;0,046;4432
2006-01-27;0,045;2910
2006-01-30;0,04;5398
2006-01-31;0,0432;2855
2006-02-01;0,0426;3737
2006-02-02;0,0431;3689,5
2006-02-03;0,0428;3245
2006-02-06;0,0426;3036
2006-02-07;0,0424;3330
2006-02-08;0,0421;2640
2006-02-09;0,0425;4085
2006-02-10;0,0429;1700
2006-02-13;0,0427;2892
2006-02-14;0,0426;2926
2006-02-15;0,0421;3473
2006-02-16;0,0421;3669
2006-02-17;0,0426;3230
2006-02-20;0,0421;3528,5
2006-02-21;0,041;3847
2006-02-22;0,0387;5195
2006-02-23;0,0398;5126
2006-02-24;0,043;3331
2006-02-27;0,0351;3652,5
2006-02-28;0,0415;3750
2006-03-01;0,0406;5794
2006-03-02;0,0406;4320
2006-03-03;0,0408;3045
2006-03-06;0,0405;3701
2006-03-07;0,0403;4280
2006-03-08;0,0399;2722
2006-03-09;0,0405;2540
2006-03-10;0,0404;1890
2006-03-13;0,0404;4035
2006-03-14;0,0408;3280
2006-03-15;0,0405;2890
2006-03-16;0,0407;3225
2006-03-17;0,0403;3940
2006-03-20;0,0405;5619
2006-03-21;0,0402;4230
2006-03-22;0,04;3255
2006-03-23;0,0406;6284
2006-03-24;0,0406;3128
2006-03-27;0,0407;3185
2006-03-28;0,0434;3270
2006-03-29;0,0291;3466
2006-03-30;0,028;3810
2006-03-31;0,0406;4741
2006-04-03;0,0406;5262
2006-04-04;0,0405;6337
2006-04-05;0,0406;2603
2006-04-06;0,0406;4491
2006-04-07;0,0406;3060
2006-04-10;0,0398;4737
2006-04-11;0,0382;3069
2006-04-12;0,0377;3633
2006-04-13;0,0391;3848
2006-04-14;0,0399;3097
2006-04-18;0,0399;3782
2006-04-19;0,0403;3743
2006-04-20;0,0403;1877
2006-04-21;0,0401;2935
2006-04-24;0,0399;2885
2006-04-25;0,0392;4807
2006-04-26;0,0388;3943
2006-04-27;0,039;4819
2006-04-28;0,042;4203
2006-05-02;0,0411;4049
2006-05-04;0,0406;3235
2006-05-05;0,0395;4591
2006-05-08;0,04;2765
2006-05-09;0,0399;2735
2006-05-10;0,0398;2835
2006-05-11;0,04;2885
2006-05-12;0,0399;3792
2006-05-15;0,0405;2905
2006-05-16;0,0407;2660
2006-05-17;0,0408;2989
2006-05-18;0,0405;2500
2006-05-19;0,04;2410
2006-05-22;0,04;2140
2006-05-23;0,04;2430
2006-05-24;0,0398;4105
2006-05-25;0,0396;4135
2006-05-26;0,0379;2860
2006-05-29;0,0392;3830
2006-05-30;0,0459;3459
2006-05-31;0,0402;6402
2006-06-01;0,0403;3259,5
2006-06-02;0,0402;2684
2006-06-05;0,0404;1295,5
2006-06-06;0,0396;2310
2006-06-07;0,0393;5309
2006-06-08;0,0395;1860
2006-06-09;0,0401;1720
2006-06-12;0,04;3470
2006-06-13;0,04;4823
2006-06-14;0,04;1460
2006-06-16;0,0385;1925
2006-06-19;0,0399;2510
2006-06-20;0,0401;3150
2006-06-21;0,0401;4595
2006-06-22;0,0402;3199
2006-06-23;0,0386;3025
2006-06-26;0,0376;3516
2006-06-27;0,0341;4495
2006-06-28;0,0275;6869
2006-06-29;0,0281;5133
2006-06-30;0,0402;4549
2006-07-03;0,0402;2780
2006-07-04;0,0402;3711
2006-07-05;0,0401;5522
2006-07-06;0,0395;3641
2006-07-07;0,0393;3000
2006-07-10;0,04;5139
2006-07-11;0,0398;4483
2006-07-12;0,0397;2903
2006-07-13;0,0401;2606
2006-07-14;0,0397;4735
2006-07-17;0,04;4438
2006-07-18;0,0401;3936
2006-07-19;0,0403;5404
2006-07-20;0,0402;4925
2006-07-21;0,0389;3071
2006-07-24;0,0389;3708
2006-07-25;0,0376;3431
2006-07-26;0,0374;1746
2006-07-27;0,0348;2582
2006-07-28;0,0395;3295
2006-07-31;0,0408;2895
2006-08-01;0,0408;3051
2006-08-02;0,0409;4171
2006-08-03;0,0404;3025
2006-08-04;0,0395;3225
2006-08-07;0,0384;2930
2006-08-08;0,0396;4680
2006-08-09;0,0401;3743
2006-08-10;0,04;2420
2006-08-11;0,0404;3303
2006-08-14;0,0402;3589
2006-08-16;0,04;3756,5
2006-08-17;0,0405;4022
2006-08-18;0,0402;4705
2006-08-21;0,0402;4619
2006-08-22;0,0396;3256
2006-08-23;0,0399;3068
2006-08-24;0,0395;3107
2006-08-25;0,0381;4970
2006-08-28;0,0393;4655
2006-08-29;0,0332;6133
2006-08-30;0,0263;5407
2006-08-31;0,0402;2990
2006-09-01;0,04;1691
2006-09-04;0,0402;1910
2006-09-05;0,0403;4025
2006-09-06;0,0402;2713
2006-09-07;0,0403;3131
2006-09-08;0,0403;3976
2006-09-11;0,0403;2498
2006-09-12;0,0401;4310
2006-09-13;0,0401;1997
2006-09-14;0,0402;2084
2006-09-15;0,04;4626
2006-09-18;0,0405;3217
2006-09-19;0,0404;5486
2006-09-20;0,04;5861
2006-09-21;0,0397;6795
2006-09-22;0,0396;5655
2006-09-25;0,0381;5734
2006-09-26;0,0343;6447
2006-09-27;0,0323;4218
2006-09-28;0,0304;4410
2006-09-29;0,034;5111
2006-10-02;0,0406;2175
2006-10-03;0,0407;3979
2006-10-04;0,0407;2400
2006-10-05;0,0408;4848
2006-10-06;0,0399;5104
2006-10-09;0,0399;4548
2006-10-10;0,04;5333
2006-10-11;0,0401;4024
2006-10-12;0,0403;5026
2006-10-13;0,0397;3737
2006-10-16;0,0399;2277
2006-10-17;0,0404;1971,5
2006-10-18;0,0402;3363
2006-10-19;0,0401;4225
2006-10-20;0,0393;6874
2006-10-23;0,0383;4780
2006-10-24;0,0382;5484
2006-10-25;0,0382;5810
2006-10-26;0,0386;7639
2006-10-27;0,039;6803
2006-10-30;0,0432;4815
2006-10-31;0,0404;3194
2006-11-02;0,041;4265
2006-11-03;0,0394;2303
2006-11-06;0,0399;5390
2006-11-07;0,0399;5431
2006-11-08;0,0399;2047
2006-11-09;0,0401;3330
2006-11-10;0,0399;4061,5
2006-11-13;0,0395;6087
2006-11-14;0,0395;4135
2006-11-15;0,0395;2888
2006-11-16;0,04;3895
2006-11-17;0,0394;4455
2006-11-20;0,04;3885
2006-11-21;0,0401;3124
2006-11-22;0,0399;2591
2006-11-23;0,0397;5253
2006-11-24;0,0394;5691
2006-11-27;0,0346;5438
2006-11-28;0,0302;4104
2006-11-29;0,0272;5005
2006-11-30;0,04;5376
2006-12-01;0,0397;2159
2006-12-04;0,0402;4739
2006-12-05;0,0404;3139
2006-12-06;0,0405;4903
2006-12-07;0,0404;3813
2006-12-08;0,04;8097,5
2006-12-11;0,04;4775
2006-12-12;0,04;6387
2006-12-13;0,04;2035
2006-12-14;0,0401;3017
2006-12-15;0,0392;4341
2006-12-18;0,0397;4767
2006-12-19;0,0395;3785
2006-12-20;0,0379;7007
2006-12-21;0,0394;7187
2006-12-22;0,0343;4836
2006-12-27;0,0321;4625
2006-12-28;0,0332;6880
2006-12-29;0,0511;2180
2007-01-02;0,041;10565
2007-01-03;0,0403;7241
2007-01-04;0,0402;5247
2007-01-05;0,0404;5178
2007-01-08;0,0404;5731
2007-01-09;0,0401;4591
2007-01-10;0,04;3317
2007-01-11;0,0401;3117
2007-01-12;0,0397;6530
2007-01-15;0,0399;6582
2007-01-16;0,0402;5091
2007-01-17;0,0401;3005
2007-01-18;0,0402;3125
2007-01-19;0,0399;5476
2007-01-22;0,0399;5744,5
2007-01-23;0,0396;4124
2007-01-24;0,0398;5207
2007-01-25;0,0398;7610
2007-01-26;0,0318;5371
2007-01-29;0,0282;5945
2007-01-30;0,0269;7420
2007-01-31;0,0401;6090
2007-02-01;0,0401;7745
2007-02-02;0,0402;7418
2007-02-05;0,0402;7534
2007-02-06;0,0401;5889
2007-02-07;0,04;5595
2007-02-08;0,0399;4960
2007-02-09;0,0397;4032
2007-02-12;0,0397;5922
2007-02-13;0,0396;3810
2007-02-14;0,0398;4423
2007-02-15;0,0399;4300
2007-02-16;0,04;5940
2007-02-19;0,0401;5780
2007-02-20;0,0398;5888
2007-02-21;0,0395;4790
2007-02-22;0,0385;4772
2007-02-23;0,0376;6526
2007-02-26;0,0304;2915
2007-02-27;0,0425;5387
2007-02-28;0,0402;5610
2007-03-01;0,0401;4345
2007-03-02;0,0401;3926
2007-03-05;0,0402;5300
2007-03-06;0,0399;3207
2007-03-07;0,0399;3829
2007-03-08;0,0399;4969
2007-03-09;0,0401;5047
2007-03-12;0,0402;3200
2007-03-13;0,0401;4679
2007-03-14;0,0401;3047
2007-03-15;0,0402;4153
2007-03-16;0,0407;4068
2007-03-19;0,0406;6123
2007-03-20;0,0403;6005
2007-03-21;0,0402;7755
2007-03-22;0,0401;4712
2007-03-23;0,0405;9125
2007-03-26;0,0379;9633
2007-03-27;0,0332;8264
2007-03-28;0,0348;7721
2007-03-29;0,0378;7099
2007-03-30;0,041;7241
2007-04-02;0,0404;4710
2007-04-03;0,0404;5496
2007-04-04;0,0404;4148
2007-04-05;0,0406;5036
2007-04-06;0,0402;5794
2007-04-10;0,0405;5428
2007-04-11;0,0402;3782
2007-04-12;0,0399;3098
2007-04-13;0,0404;4393
2007-04-16;0,0404;5448
2007-04-17;0,0406;2570
2007-04-18;0,041;2886
2007-04-19;0,0405;3905
2007-04-20;0,0389;4791
2007-04-23;0,0289;5808
2007-04-24;0,0263;3540
2007-04-25;0,0263;4847
2007-04-26;0,0283;3337
2007-04-27;0,0353;8120
2007-04-30;0,0435;5693
2007-05-02;0,0432;3220
2007-05-04;0,0428;7063
2007-05-07;0,0421;6335
2007-05-08;0,0428;4384
2007-05-09;0,0424;4675
2007-05-10;0,0427;4858
2007-05-11;0,0428;4220
2007-05-14;0,04265;6563
2007-05-15;0,043;4989
2007-05-16;0,043;4180
2007-05-17;0,043;5160
2007-05-18;0,0431;6312
2007-05-21;0,0427;5171
2007-05-22;0,0426;3250
2007-05-23;0,0426;8518
2007-05-24;0,0424;6670
2007-05-25;0,0424;7652
2007-05-28;0,0428;5441
2007-05-29;0,0415;6550
2007-05-30;0,0339;6189
2007-05-31;0,0428;6990
2007-06-01;0,0428;6569
2007-06-04;0,0426;4790
2007-06-05;0,0423;6280
2007-06-06;0,0424;7531
2007-06-08;0,0428;9829
2007-06-11;0,0426;3895
2007-06-12;0,0423;4605
2007-06-13;0,0421;6712
2007-06-14;0,0421;5223
2007-06-15;0,0426;5770
2007-06-18;0,0424;4873
2007-06-19;0,0425;5653
2007-06-20;0,0425;6683
2007-06-21;0,0426;7374
2007-06-22;0,0427;5058
2007-06-25;0,0426;5195
2007-06-26;0,0429;3053
2007-06-27;0,0435;3258
2007-06-28;0,0459;5820
2007-06-29;0,0475;5386
2007-07-02;0,0457;6157
2007-07-03;0,0456;4351
2007-07-04;0,0456;5825
2007-07-05;0,0454;7129
2007-07-06;0,0455;4664
2007-07-09;0,0456;6445
2007-07-10;0,0455;7735
2007-07-11;0,0454;6656
2007-07-12;0,0454;7252
2007-07-13;0,0455;6232
2007-07-16;0,0456;2600
2007-07-17;0,0458;4150
2007-07-18;0,046;2347
2007-07-19;0,0459;2772
2007-07-20;0,0459;4701
2007-07-23;0,046;5578
2007-07-24;0,0461;4953
2007-07-25;0,0456;7643
2007-07-26;0,0454;6240
2007-07-27;0,0356;8765
2007-07-30;0,0295;3450
2007-07-31;0,0447;3335
2007-08-01;0,0446;6427
2007-08-02;0,0448;5063
2007-08-03;0,0452;3061
2007-08-06;0,0454;4372
2007-08-07;0,0454;2229
2007-08-08;0,0453;4373,5
2007-08-09;0,0452;5455
2007-08-10;0,0451;7020
2007-08-13;0,0449;5127
2007-08-14;0,0452;6550
2007-08-16;0,0451;4955
2007-08-17;0,0453;6823
2007-08-20;0,0454;5890
2007-08-21;0,0452;6515
2007-08-22;0,0445;8220
2007-08-23;0,0426;8406
2007-08-24;0,0436;7141
2007-08-27;0,0435;7360
2007-08-28;0,0392;10071
2007-08-29;0,0347;7860
2007-08-30;0,0342;5654
2007-08-31;0,0483;4428
2007-09-03;0,048;5111
2007-09-04;0,0481;5380
2007-09-05;0,048;6752
2007-09-06;0,0479;7034
2007-09-07;0,048;4510
2007-09-10;0,0482;6521
2007-09-11;0,0483;3770
2007-09-12;0,0483;5649
2007-09-13;0,0484;5673
2007-09-14;0,0476;5877
2007-09-17;0,047;5060
2007-09-18;0,0469;4010
2007-09-19;0,0467;3484
2007-09-20;0,0462;6707
2007-09-21;0,0463;5765
2007-09-24;0,042;8515
2007-09-25;0,0366;8346
2007-09-26;0,0336;8298
2007-09-27;0,0351;4927
2007-09-28;0,0403;5316
2007-10-01;0,048;5636
2007-10-02;0,0479;6564
2007-10-03;0,048;6181
2007-10-04;0,0481;3377
2007-10-05;0,048;5365
2007-10-08;0,048;6623
2007-10-09;0,0479;5724
2007-10-10;0,0478;4393
2007-10-11;0,0481;3730
2007-10-12;0,0479;4611
2007-10-15;0,0479;2971
2007-10-16;0,0483;4905
2007-10-17;0,0484;1928
2007-10-18;0,0483;4940
2007-10-19;0,0483;3258
2007-10-22;0,048;6484
2007-10-23;0,0481;6571,3
2007-10-24;0,0481;4530
2007-10-25;0,047;11470
2007-10-26;0,0501;3865
2007-10-29;0,0595;4778
2007-10-30;0,0611;3269
2007-10-31;0,0487;3365
2007-11-02;0,0481;3487
2007-11-05;0,0477;4965
2007-11-06;0,0476;6202
2007-11-07;0,0474;7260
2007-11-08;0,0474;5726
2007-11-09;0,0478;3508
2007-11-12;0,048;4591
2007-11-13;0,0479;5080
2007-11-14;0,0482;3710
2007-11-15;0,0484;5302
2007-11-16;0,0482;4649
2007-11-19;0,0482;5700
2007-11-20;0,0482;3955
2007-11-21;0,0481;3955
2007-11-22;0,0482;5060
2007-11-23;0,0505;6845
2007-11-26;0,0507;3987
2007-11-27;0,059;2864
2007-11-28;0,0496;6260
2007-11-29;0,0555;6644
2007-11-30;0,0477;10234
2007-12-03;0,0468;9214
2007-12-04;0,0461;10160
2007-12-05;0,0441;9887
2007-12-06;0,0434;12147
2007-12-07;0,0397;8620
2007-12-10;0,0362;6691
2007-12-11;0,0364;4365
2007-12-12;0,0373;5844
2007-12-13;0,039;4450
2007-12-14;0,0379;4214
2007-12-17;0,0377;4985
2007-12-18;0,0392;6155,2035
2007-12-19;0,0409;5536
2007-12-20;0,0393;8605
2007-12-21;0,0427;2370
2007-12-24;0,04;3434
2007-12-27;0,0362;7615
2007-12-28;0,0376;7475
2007-12-31;0,0647;1462
2008-01-02;0,0512;5130
2008-01-03;0,0508;4915
2008-01-04;0,0515;2503
2008-01-07;0,0513;4635
2008-01-08;0,0512;5410
2008-01-09;0,0508;5614
2008-01-10;0,0509;4215
2008-01-11;0,0504;5757
2008-01-14;0,0501;3523
2008-01-15;0,0497;3996
2008-01-16;0,05;4219
2008-01-17;0,0502;4013
2008-01-18;0,0504;4485
2008-01-21;0,0508;2440
2008-01-22;0,0507;2880
2008-01-23;0,0504;2640
2008-01-24;0,0508;3118
2008-01-25;0,0491;3735
2008-01-28;0,0497;4683
2008-01-29;0,0478;4172
2008-01-30;0,0395;5557
2008-01-31;0,0525;2556
2008-02-01;0,0528;4052
2008-02-04;0,0532;5509
2008-02-05;0,0535;6787
2008-02-06;0,0527;4973
2008-02-07;0,0533;3270
2008-02-08;0,0528;6760
2008-02-11;0,0526;7981
2008-02-12;0,053;5054
2008-02-13;0,0529;4455
2008-02-14;0,0532;5558
2008-02-15;0,053;4890
2008-02-18;0,0529;5537
2008-02-19;0,053;5230
2008-02-20;0,053;5667
2008-02-21;0,0532;6631
2008-02-22;0,0531;4162
2008-02-25;0,0532;3705
2008-02-26;0,0561;5925
2008-02-27;0,0506;4175
2008-02-28;0,0438;4640
2008-02-29;0,056;4376
2008-03-03;0,0561;4063
2008-03-04;0,0561;2560
2008-03-05;0,0562;3650
2008-03-06;0,0561;3200
2008-03-07;0,056;3775
2008-03-10;0,056;3015
2008-03-11;0,056;2040
2008-03-12;0,0563;2921
2008-03-13;0,0563;2534
2008-03-14;0,056;2673
2008-03-17;0,0562;2149
2008-03-18;0,056;4312
2008-03-19;0,0562;2057
2008-03-20;0,0562;2845
2008-03-21;0,0551;2361
2008-03-25;0,0565;2159
2008-03-26;0,0577;4536
2008-03-27;0,059;2124
2008-03-28;0,0548;4556
2008-03-31;0,0589;2825
2008-04-01;0,0593;2852
2008-04-02;0,0593;2676
2008-04-03;0,0594;3289
2008-04-04;0,059;3982
2008-04-07;0,059;3505
2008-04-08;0,0589;3950
2008-04-09;0,0581;4130
2008-04-10;0,0583;2547
2008-04-11;0,0583;2752
2008-04-14;0,0588;1573
2008-04-15;0,0593;1538,5
2008-04-16;0,0594;2960
2008-04-17;0,0594;3591
2008-04-18;0,0585;3055
2008-04-21;0,0581;3315
2008-04-22;0,0584;2284
2008-04-23;0,0578;2487
2008-04-24;0,058;3292
2008-04-25;0,0597;4275
2008-04-28;0,0695;2680
2008-04-29;0,072;2885
2008-04-30;0,0607;3847
2008-05-02;0,0599;2994
2008-05-05;0,0605;2878
2008-05-06;0,0602;2325
2008-05-07;0,0606;1862
2008-05-08;0,0597;1530
2008-05-09;0,0581;3656
2008-05-12;0,0567;4785
2008-05-13;0,0554;5237
2008-05-14;0,0557;4376
2008-05-15;0,0561;3712
2008-05-16;0,0579;5358
2008-05-19;0,0588;3634
2008-05-20;0,0589;3204
2008-05-21;0,0583;2909
2008-05-23;0,0576;3504
2008-05-26;0,057;3917
2008-05-27;0,0553;3682
2008-05-28;0,0555;6087
2008-05-29;0,0502;4921
2008-05-30;0,0447;4594
2008-06-02;0,0593;3010
2008-06-03;0,0592;3765
2008-06-04;0,0587;5580
2008-06-05;0,0585;2283
2008-06-06;0,0579;3613
2008-06-09;0,0579;2904
2008-06-10;0,0583;3439
2008-06-11;0,0583;2240
2008-06-12;0,0584;4393
2008-06-13;0,0576;7051
2008-06-16;0,0575;4242
2008-06-17;0,0569;3221
2008-06-18;0,0574;4367
2008-06-19;0,0563;4510
2008-06-20;0,0594;1590
2008-06-23;0,0595;2580
2008-06-24;0,0586;5479
2008-06-25;0,0574;5470
2008-06-26;0,0602;4369
2008-06-27;0,0529;5409
2008-06-30;0,0608;1896
2008-07-01;0,0599;8267
2008-07-02;0,0589;5392
2008-07-03;0,0584;7231
2008-07-04;0,0594;3586
2008-07-07;0,0587;5090
2008-07-08;0,0574;4040
2008-07-09;0,0549;5783
2008-07-10;0,0562;4425
2008-07-11;0,0601;4493
2008-07-14;0,06;3433
2008-07-15;0,0603;4096
2008-07-16;0,0606;3989
2008-07-17;0,0611;4102
2008-07-18;0,0574;7183
2008-07-21;0,0537;5780
2008-07-22;0,0567;3278
2008-07-23;0,0574;2785
2008-07-24;0,0578;4536
2008-07-25;0,0545;4939
2008-07-28;0,0588;4255
2008-07-29;0,0561;5053
2008-07-30;0,0471;2330
2008-07-31;0,0607;3290
2008-08-01;0,0603;5840
2008-08-04;0,0603;4257
2008-08-05;0,0604;1800
2008-08-06;0,0604;2317
2008-08-07;0,0606;2943
2008-08-08;0,0609;2325
2008-08-11;0,0607;2530
2008-08-12;0,0606;3590
2008-08-13;0,0602;3892
2008-08-14;0,0606;1970
2008-08-18;0,0627;3275
2008-08-19;0,0642;3343
2008-08-20;0,0623;4335
2008-08-21;0,061;3305
2008-08-22;0,0605;4300
2008-08-25;0,0605;4966
2008-08-26;0,0607;2630
2008-08-27;0,0608;1030
2008-08-28;0,0607;1953
2008-08-29;0,0516;2820
2008-09-01;0,0601;3780
2008-09-02;0,0601;2870
2008-09-03;0,0601;3980
2008-09-04;0,0603;3261
2008-09-05;0,0607;2521
2008-09-08;0,061;3915
2008-09-09;0,0608;2713
2008-09-10;0,0606;3769
2008-09-11;0,0605;3240
2008-09-12;0,0602;3570
2008-09-15;0,061;1811
2008-09-16;0,0627;3458
2008-09-17;0,0628;3735
2008-09-18;0,0613;3050
2008-09-19;0,0545;4252
2008-09-22;0,0486;4820
2008-09-23;0,0456;4193
2008-09-24;0,0453;1170
2008-09-25;0,045;1425
2008-09-26;0,0485;2560
2008-09-29;0,0486;1708
2008-09-30;0,0653;2740
2008-10-01;0,0624;3783
2008-10-02;0,0621;3973,5
2008-10-03;0,0607;4568
2008-10-06;0,0607;3735
2008-10-07;0,0609;4837
2008-10-08;0,0614;6139
2008-10-09;0,0615;5212
2008-10-10;0,0613;4275
2008-10-13;0,0608;4352
2008-10-14;0,0612;4389
2008-10-15;0,0614;2648
2008-10-16;0,0648;3619
2008-10-17;0,0609;2839
2008-10-20;0,0568;3492
2008-10-21;0,0481;2752
2008-10-22;0,0498;4145
2008-10-23;0,0482;2260
2008-10-24;0,0504;1475
2008-10-27;0,0466;1040
2008-10-28;0,0463;1050
2008-10-29;0,0456;1050
2008-10-30;0,0456;1340
2008-10-31;0,0602;2050
2008-11-03;0,0589;3692
2008-11-04;0,0563;3071
2008-11-05;0,0529;2337
2008-11-06;0,0519;2954
2008-11-07;0,063;3432
2008-11-10;0,0662;3877
2008-11-12;0,0624;3249
2008-11-13;0,0597;2828
2008-11-14;0,0557;2097
2008-11-17;0,0526;2747
2008-11-18;0,0494;1962
2008-11-19;0,0479;4255
2008-11-20;0,0486;3975
2008-11-21;0,0502;2370
2008-11-24;0,0472;1874
2008-11-25;0,0498;638
2008-11-26;0,0483;1625
2008-11-27;0,0453;1263
2008-11-28;0,0445;180
2008-12-01;0,0567;3103
2008-12-02;0,056;3430
2008-12-03;0,0548;3111
2008-12-04;0,0556;2525
2008-12-05;0,0532;3879
2008-12-08;0,0534;3622
2008-12-09;0,052;3157
2008-12-10;0,0526;5393
2008-12-11;0,051;3354
2008-12-12;0,0533;3934
2008-12-15;0,0512;4406
2008-12-16;0,0474;4777
2008-12-17;0,0467;4448
2008-12-18;0,0438;2984
2008-12-19;0,0502;3545
2008-12-22;0,0459;2299
2008-12-23;0,048;3172
2008-12-24;0,0433;1755
2008-12-29;0,0368;3710
2008-12-30;0,0364;3079
2008-12-31;0,0639;677
2009-01-02;0,0515;5022
2009-01-05;0,0504;4000
2009-01-06;0,0488;3015
2009-01-07;0,0455;2725
2009-01-08;0,0396;3009,5
2009-01-09;0,0463;5712
2009-01-12;0,0454;2755
2009-01-13;0,0447;2466
2009-01-14;0,0434;4148
2009-01-15;0,0459;2571
2009-01-16;0,0528;2820
2009-01-19;0,0557;2155
2009-01-20;0,0494;2673
2009-01-21;0,0498;3792
2009-01-22;0,046;3903
2009-01-23;0,0489;4683
2009-01-26;0,048;3120
2009-01-27;0,0389;1525
2009-01-28;0,0373;3270
2009-01-29;0,0378;3785
2009-01-30;0,0346;3362
2009-02-02;0,041;3960
2009-02-03;0,0409;2938
2009-02-04;0,0407;3440
2009-02-05;0,0414;2950
2009-02-06;0,0423;2710
2009-02-09;0,0414;3350
2009-02-10;0,0414;4064
2009-02-11;0,0412;3300
2009-02-12;0,041;2990
2009-02-13;0,0406;4947
2009-02-16;0,0395;4475
2009-02-17;0,0395;4196
2009-02-18;0,0381;3610
2009-02-19;0,0369;2450
2009-02-20;0,0334;3402
2009-02-23;0,0282;2665
2009-02-24;0,0277;800
2009-02-25;0,0279;1600
2009-02-26;0,026;1870
2009-02-27;0,0265;700
2009-03-02;0,0291;2332
2009-03-03;0,0287;3915
2009-03-04;0,0283;2605
2009-03-05;0,0286;2297
2009-03-06;0,0278;3241
2009-03-09;0,0277;1676
2009-03-10;0,0292;1690
2009-03-11;0,0284;3395,8
2009-03-12;0,0278;1450
2009-03-13;0,0276;2487
2009-03-16;0,0273;2155
2009-03-17;0,0266;1399
2009-03-18;0,0261;1150
2009-03-19;0,0269;1035
2009-03-20;0,0289;861
2009-03-23;0,0257;670
2009-03-24;0,026;1065
2009-03-25;0,0257;382
2009-03-26;0,0239;2116
2009-03-27;0,0238;1850
2009-03-30;0,0229;475
2009-03-31;0,0288;1545
2009-04-01;0,029;2414
2009-04-02;0,0298;3459
2009-04-03;0,0277;1765
2009-04-06;0,0251;3075
2009-04-07;0,0247;992
2009-04-08;0,025;1275
2009-04-09;0,0247;2545
2009-04-10;0,0273;1657
2009-04-14;0,0266;2835
2009-04-15;0,0269;2589
2009-04-16;0,0278;1992
2009-04-17;0,0283;2807
2009-04-20;0,0262;1020
2009-04-21;0,0256;2975
2009-04-22;0,0245;1615
2009-04-23;0,0242;1860
2009-04-24;0,0287;2470
2009-04-27;0,0324;3050
2009-04-28;0,0316;4075
2009-04-29;0,0242;1400
2009-04-30;0,0356;1350
2009-05-04;0,0357;1496
2009-05-05;0,0363;2083
2009-05-06;0,0378;1418
2009-05-07;0,0375;1695
2009-05-08;0,0363;2221
2009-05-11;0,0373;1925
2009-05-12;0,0356;2566
2009-05-13;0,0344;1677
2009-05-14;0,0351;2925
2009-05-15;0,039;2654
2009-05-18;0,0396;3625
2009-05-19;0,0388;3439
2009-05-20;0,0359;4052
2009-05-21;0,0349;2659
2009-05-22;0,0305;2555
2009-05-25;0,0236;4033
2009-05-26;0,0231;2248
2009-05-27;0,0231;2258
2009-05-28;0,0229;2313
2009-05-29;0,023;2687
2009-06-01;0,0362;1705
2009-06-02;0,0365;2364
2009-06-03;0,0355;2044
2009-06-04;0,0344;1880
2009-06-05;0,0319;1417
2009-06-08;0,0257;2472
2009-06-09;0,0264;1459
2009-06-10;0,0279;1770
2009-06-12;0,0321;2490
2009-06-15;0,0322;5237
2009-06-16;0,033;3100
2009-06-17;0,0331;5122
2009-06-18;0,0329;4319
2009-06-19;0,0268;3215
2009-06-22;0,0236;3739
2009-06-23;0,0231;2576
2009-06-24;0,023;837
2009-06-25;0,0216;2616
2009-06-26;0,021;2180
2009-06-29;0,0217;4693
2009-06-30;0,0356;3115
2009-07-01;0,0348;5644
2009-07-02;0,0346;6879
2009-07-03;0,0331;5770
2009-07-06;0,0267;2940
2009-07-07;0,0249;2312
2009-07-08;0,0243;3226,5
2009-07-09;0,0238;2405
2009-07-10;0,0308;4055
2009-07-13;0,0293;3280
2009-07-14;0,0291;4950
2009-07-15;0,0291;4387
2009-07-16;0,0319;4168
2009-07-17;0,0245;3426
2009-07-20;0,0207;3350
2009-07-21;0,0209;2958
2009-07-22;0,0209;3753
2009-07-23;0,021;3083
2009-07-24;0,0212;3750
2009-07-27;0,0213;3648
2009-07-28;0,0207;3585
2009-07-29;0,0204;913
2009-07-30;0,0207;765
2009-07-31;0,0295;1810
2009-08-03;0,0251;1325
2009-08-04;0,0238;1145
2009-08-05;0,0239;1970
2009-08-06;0,0239;3045
2009-08-07;0,0288;1904
2009-08-10;0,0291;2578
2009-08-11;0,027;2439
2009-08-12;0,0293;2527
2009-08-13;0,0324;3072
2009-08-14;0,0305;3080
2009-08-17;0,0288;3688
2009-08-18;0,0302;2305
2009-08-19;0,0301;3940
2009-08-20;0,0301;5275
2009-08-21;0,0224;3078
2009-08-24;0,0206;1962
2009-08-25;0,0205;2320
2009-08-26;0,0205;1625
2009-08-27;0,0205;2079
2009-08-28;0,021;1639
2009-08-31;0,0313;2740
2009-09-01;0,0311;2100
2009-09-02;0,0309;1703
2009-09-03;0,0308;686
2009-09-04;0,0294;4091
2009-09-07;0,0251;3638
2009-09-08;0,0248;2150
2009-09-09;0,0249;3148
2009-09-10;0,0249;1742
2009-09-11;0,0297;2505
2009-09-14;0,0303;3943
2009-09-15;0,0311;4806
2009-09-16;0,0314;3592
2009-09-17;0,0303;2594
2009-09-18;0,0257;4558
2009-09-21;0,0217;3003
2009-09-22;0,0208;2930
2009-09-23;0,0207;4120
2009-09-24;0,0205;2165
2009-09-25;0,0209;1807
2009-09-28;0,0203;3915
2009-09-29;0,0206;3835
2009-09-30;0,0348;3303
2009-10-01;0,0342;3408
2009-10-02;0,0301;3531
2009-10-05;0,0249;2650
2009-10-06;0,0253;3515
2009-10-07;0,0248;4612
2009-10-08;0,0241;3878
2009-10-09;0,027;3015
2009-10-12;0,0266;3140
2009-10-13;0,0272;2623
2009-10-14;0,0281;2841
2009-10-15;0,0283;3135
2009-10-16;0,0276;4953
2009-10-19;0,0274;4885
2009-10-20;0,0264;4023
2009-10-21;0,0244;4285
2009-10-22;0,0215;2565
2009-10-23;0,0278;2803
2009-10-26;0,0237;5710
2009-10-27;0,0226;5208
2009-10-28;0,0224;2948
2009-10-29;0,0229;3472
2009-10-30;0,0252;2229
2009-11-02;0,0286;1495
2009-11-03;0,0292;1840
2009-11-04;0,0287;3674
2009-11-05;0,0287;3234
2009-11-06;0,0309;1245
2009-11-09;0,0329;1868
2009-11-10;0,0324;1305
2009-11-12;0,0327;1965
2009-11-13;0,0328;2010
2009-11-16;0,033;2160
2009-11-17;0,033;2639
2009-11-18;0,0328;2020
2009-11-19;0,0329;1515
2009-11-20;0,0239;1580
2009-11-23;0,0204;617
2009-11-24;0,0204;1125
2009-11-25;0,0204;725
2009-11-26;0,0203;1568
2009-11-27;0,0207;275
2009-11-30;0,0268;2165
2009-12-01;0,024;3045
2009-12-02;0,0228;2114
2009-12-03;0,0222;1665
2009-12-04;0,0236;1305
2009-12-07;0,0211;2330
2009-12-08;0,0206;1725
2009-12-09;0,0207;3148
2009-12-10;0,021;1345
2009-12-11;0,0207;1730
2009-12-14;0,0204;2700
2009-12-15;0,0204;2450
2009-12-16;0,0204;1550
2009-12-17;0,0206;2290
2009-12-18;0,0293;2945
2009-12-21;0,0218;3625
2009-12-22;0,0233;2715
2009-12-23;0,0223;1260
2009-12-24;0,021;725
2009-12-28;0,0205;3299
2009-12-29;0,0204;2360
2009-12-30;0,0208;1640
2009-12-31;0,0356;1906
2010-01-04;0,0215;3423
2010-01-05;0,0203;2184
2010-01-06;0,0203;602
2010-01-07;0,0203;875
2010-01-08;0,0279;4059
2010-01-11;0,0308;1774
2010-01-12;0,0271;1390
2010-01-13;0,0253;2315
2010-01-14;0,0241;2553
2010-01-15;0,028;4005
2010-01-18;0,0274;3900
2010-01-19;0,0302;3788
2010-01-20;0,0287;4455
2010-01-21;0,0272;2770
2010-01-22;0,0271;3704
2010-01-25;0,0267;5290
2010-01-26;0,0295;4426,5
2010-01-27;0,0282;2215
2010-01-28;0,029;2940,5
2010-01-29;0,0261;2763
2010-02-01;0,0285;4422
2010-02-02;0,0295;3820
2010-02-03;0,0286;3170
2010-02-04;0,0288;2330
2010-02-05;0,0257;4920
2010-02-08;0,0257;0
2010-02-09;0,0257;3505
2010-02-10;0,0249;5070
2010-02-11;0,0245;3250
2010-02-12;0,0259;3022
2010-02-15;0,0259;3459
2010-02-16;0,0291;2062
2010-02-17;0,0311;2442
2010-02-18;0,0293;3325
2010-02-19;0,028;4248
2010-02-22;0,0289;7588
2010-02-23;0,0281;6853
2010-02-24;0,0273;5083
2010-02-25;0,0272;7801
2010-02-26;0,0245;5088
2010-03-01;0,0292;6505
2010-03-02;0,0288;4358
2010-03-03;0,0293;3618,5
2010-03-04;0,0296;2687
2010-03-05;0,0275;3938
2010-03-08;0,0277;4283
2010-03-09;0,0266;2880
2010-03-10;0,0259;4084
2010-03-11;0,0261;3060
2010-03-12;0,0299;2548
2010-03-15;0,0315;3093
2010-03-16;0,0343;3341
2010-03-17;0,0331;1594
2010-03-18;0,0319;2653
2010-03-19;0,0263;6665
2010-03-22;0,0235;3209
2010-03-23;0,0226;3176
2010-03-24;0,0215;3808
2010-03-25;0,0211;4496
2010-03-26;0,0239;4184
2010-03-29;0,0223;5916
2010-03-30;0,0215;2760
2010-03-31;0,0323;3659
2010-04-01;0,0339;2399
2010-04-02;0,0262;2547
2010-04-06;0,0265;2924
2010-04-07;0,0266;3552
2010-04-08;0,0268;2853
2010-04-09;0,0312;2411
2010-04-12;0,0309;3468
2010-04-13;0,0307;2969
2010-04-14;0,0294;3393
2010-04-15;0,0284;5181
2010-04-16;0,0284;3682
2010-04-19;0,0282;2467
2010-04-20;0,0288;3475
2010-04-21;0,028;2324
2010-04-22;0,0319;4825
2010-04-23;0,0301;4584
2010-04-26;0,0261;4455
2010-04-27;0,0268;5314
2010-04-28;0,0239;6554
2010-04-29;0,0218;4627
2010-04-30;0,0321;5319
2010-05-04;0,0336;3826
2010-05-05;0,0334;3486
2010-05-06;0,033;2645
2010-05-07;0,0327;4375
2010-05-10;0,0331;3610
2010-05-11;0,0324;5409
2010-05-12;0,0303;5458
2010-05-13;0,0305;4056
2010-05-14;0,0319;3445
2010-05-17;0,0313;2127
2010-05-18;0,0319;2896
2010-05-19;0,0313;2764
2010-05-20;0,031;4036
2010-05-21;0,0318;4845
2010-05-24;0,0279;7178
2010-05-25;0,0262;7760
2010-05-26;0,0235;7905
2010-05-27;0,0234;8162
2010-05-28;0,0235;2637
2010-05-31;0,0302;4175
2010-06-01;0,0296;3260
2010-06-02;0,0337;5321
2010-06-04;0,0318;3789
2010-06-07;0,0296;3915
2010-06-08;0,0293;2894
2010-06-09;0,0289;6406
2010-06-10;0,0289;5329
2010-06-11;0,0324;4708
2010-06-14;0,0319;3369
2010-06-15;0,0305;3566
2010-06-16;0,0317;2249,5
2010-06-17;0,0327;2258
2010-06-18;0,0321;2092
2010-06-21;0,0315;4389
2010-06-22;0,0313;4686
2010-06-23;0,0316;4313
2010-06-24;0,0305;5519,5
2010-06-25;0,0232;4895,5
2010-06-28;0,0238;5903
2010-06-29;0,0285;5598
2010-06-30;0,0372;3736
2010-07-01;0,0348;3075
2010-07-02;0,031;3203
2010-07-05;0,0304;5749
2010-07-06;0,029;2302
2010-07-07;0,0277;2005
2010-07-08;0,0284;3095
2010-07-09;0,032;2616
2010-07-12;0,0321;2005
2010-07-13;0,0328;2583
2010-07-14;0,0342;1665
2010-07-15;0,034;2235
2010-07-16;0,0271;4756
2010-07-19;0,0222;3902
2010-07-20;0,0214;2935
2010-07-21;0,0216;4009
2010-07-22;0,021;2869
2010-07-23;0,026;5024
2010-07-26;0,031;5632
2010-07-27;0,0312;2670
2010-07-28;0,0277;4370
2010-07-29;0,0253;3533
2010-07-30;0,0224;1095
2010-08-02;0,0313;1887
2010-08-03;0,0313;949
2010-08-04;0,0311;3833
2010-08-05;0,0316;1618
2010-08-06;0,0313;957
2010-08-09;0,0318;926
2010-08-10;0,0335;1572
2010-08-11;0,0322;945
2010-08-12;0,0323;1358
2010-08-13;0,0339;2254
2010-08-16;0,0347;1765
2010-08-17;0,0338;2617
2010-08-18;0,0335;4080
2010-08-19;0,0336;2111
2010-08-20;0,031;4897
2010-08-23;0,029;4457
2010-08-24;0,0255;3781
2010-08-25;0,0215;5252
2010-08-26;0,0217;7084,5
2010-08-27;0,0242;4792
2010-08-30;0,022;2047
2010-08-31;0,0343;3314
2010-09-01;0,0324;2873
2010-09-02;0,0318;3413
2010-09-03;0,0298;3220
2010-09-06;0,0285;3951
2010-09-07;0,0287;5879
2010-09-08;0,029;4431
2010-09-09;0,0291;7084
2010-09-10;0,0279;3593
2010-09-13;0,0269;6018
2010-09-14;0,0272;4152
2010-09-15;0,0275;5733
2010-09-16;0,0291;5542
2010-09-17;0,0292;3360
2010-09-20;0,0294;3965
2010-09-21;0,029;3873
2010-09-22;0,0284;4011
2010-09-23;0,0281;6514
2010-09-24;0,0254;4307
2010-09-27;0,0216;2741
2010-09-28;0,0205;1851
2010-09-29;0,0204;1351
2010-09-30;0,0345;2590
2010-10-01;0,0298;3921
2010-10-04;0,0267;4329
2010-10-05;0,0274;3824
2010-10-06;0,0269;3636
2010-10-07;0,0286;4864
2010-10-08;0,0328;4851
2010-10-11;0,0317;3722
2010-10-12;0,0325;3997
2010-10-13;0,032;4799
2010-10-14;0,0318;2938
2010-10-15;0,0291;3372
2010-10-18;0,0282;3418
2010-10-19;0,0285;2940
2010-10-20;0,0289;2576
2010-10-21;0,0294;3205
2010-10-22;0,0331;2854
2010-10-25;0,032;4484
2010-10-26;0,0329;3688
2010-10-27;0,0338;2524,3
2010-10-28;0,0332;3141
2010-10-29;0,026;3663
2010-11-02;0,0279;5569
2010-11-03;0,0297;3619
2010-11-04;0,0297;3018
2010-11-05;0,0292;4829
2010-11-08;0,0295;3389
2010-11-09;0,03;3016
2010-11-10;0,03;2399
2010-11-12;0,0321;5109
2010-11-15;0,03;3391
2010-11-16;0,0304;3901
2010-11-17;0,0285;4130
2010-11-18;0,0283;2919
2010-11-19;0,0287;5184
2010-11-22;0,0278;5957
2010-11-23;0,0273;3545
2010-11-24;0,024;3756
2010-11-25;0,022;2511
2010-11-26;0,0214;6060
2010-11-29;0,021;3069
2010-11-30;0,0359;4819
2010-12-01;0,0355;2859
2010-12-02;0,0358;3509
2010-12-03;0,0283;3066
2010-12-06;0,0261;3871
2010-12-07;0,0258;2894
2010-12-08;0,0277;5421
2010-12-09;0,0294;3743
2010-12-10;0,0343;3473
2010-12-13;0,0344;2841
2010-12-14;0,0345;3169
2010-12-15;0,0343;3319
2010-12-16;0,0345;3347
2010-12-17;0,0294;8898
2010-12-20;0,0262;5603
2010-12-21;0,0261;6331
2010-12-22;0,0267;2532
2010-12-23;0,026;4633
2010-12-24;0,0226;833
2010-12-27;0,0209;1601
2010-12-28;0,0208;2510
2010-12-29;0,0208;2550
2010-12-30;0,02;270
2010-12-31;0,0323;187
2011-01-03;0,0271;3250
2011-01-04;0,0288;4036
2011-01-05;0,0309;2884
2011-01-07;0,035;4498
2011-01-10;0,0352;1645
2011-01-11;0,0356;1923
2011-01-12;0,0357;2049
2011-01-13;0,0351;1721
2011-01-14;0,0316;2713
2011-01-17;0,0299;4225
2011-01-18;0,0305;3361
2011-01-19;0,0311;4065
2011-01-20;0,0317;2936
2011-01-21;0,0263;3979
2011-01-24;0,0239;2653
2011-01-25;0,0282;5280
2011-01-26;0,0268;1954
2011-01-27;0,0283;3315
2011-01-28;0,0256;3429
2011-01-31;0,0341;2245
2011-02-01;0,0339;2122
2011-02-02;0,0343;2614
2011-02-03;0,034;1813
2011-02-04;0,033;2342
2011-02-07;0,032;3200
2011-02-08;0,032;2380
2011-02-09;0,0316;5277
2011-02-10;0,0317;4599
2011-02-11;0,0313;2700
2011-02-14;0,0311;4155
2011-02-15;0,0321;5322
2011-02-16;0,0338;5965
2011-02-17;0,0318;4590
2011-02-18;0,0312;3604
2011-02-21;0,0301;7170
2011-02-22;0,0324;4059
2011-02-23;0,0299;3339
2011-02-24;0,0288;4506
2011-02-25;0,026;3795
2011-02-28;0,0323;4757
2011-03-01;0,0342;3644
2011-03-02;0,0349;2275
2011-03-03;0,0341;1306
2011-03-04;0,0342;3407
2011-03-07;0,0352;1725
2011-03-08;0,0358;1937
2011-03-09;0,0355;2155
2011-03-10;0,0353;1832
2011-03-11;0,0354;3223
2011-03-14;0,0366;509
2011-03-15;0,0366;3172
2011-03-16;0,0368;2378
2011-03-17;0,0368;2153
2011-03-18;0,0354;5592
2011-03-21;0,0343;5840
2011-03-22;0,0339;5482
2011-03-23;0,0344;2979
2011-03-24;0,0349;3678
2011-03-25;0,0309;5193
2011-03-28;0,0374;6943
2011-03-29;0,0391;3770
2011-03-30;0,0309;4584
2011-03-31;0,0391;4900
2011-04-01;0,0353;1825
2011-04-04;0,0345;1823
2011-04-05;0,0358;3065
2011-04-06;0,0375;2133
2011-04-07;0,037;6456
2011-04-08;0,0352;5708
2011-04-11;0,0334;5440
2011-04-12;0,0334;5353
2011-04-13;0,034;2883
2011-04-14;0,0352;2862
2011-04-15;0,0355;4022
2011-04-18;0,0358;4223
2011-04-19;0,0364;2743
2011-04-20;0,0371;5579
2011-04-21;0,0369;4778
2011-04-22;0,0363;2213
2011-04-26;0,0349;5339
2011-04-27;0,0361;2145
2011-04-28;0,0375;3755
2011-04-29;0,0291;2274
2011-05-02;0,0378;3025
2011-05-04;0,0375;4488
2011-05-05;0,0377;3231
2011-05-06;0,0349;3360
2011-05-09;0,0355;5349
2011-05-10;0,0358;4352
2011-05-11;0,0366;5977
2011-05-12;0,0402;1384
2011-05-13;0,038;4563
2011-05-16;0,0353;4158
2011-05-17;0,0361;2350
2011-05-18;0,0352;2640
2011-05-19;0,0335;5771
2011-05-20;0,03;7189
2011-05-23;0,0303;4118
2011-05-24;0,0327;3439
2011-05-25;0,0288;6292
2011-05-26;0,0288;6035
2011-05-27;0,0288;2850
2011-05-30;0,0286;4919
2011-05-31;0,0403;2530
2011-06-01;0,0409;1613
2011-06-02;0,0403;2370
2011-06-03;0,0401;3091
2011-06-06;0,0399;2461
2011-06-07;0,0403;2831
2011-06-08;0,042;2087
2011-06-09;0,0433;2589,5
2011-06-10;0,0422;3933
2011-06-13;0,0415;1575
2011-06-14;0,0432;2074
2011-06-15;0,0431;3615
2011-06-16;0,0435;2565
2011-06-17;0,0412;3293
2011-06-20;0,0413;5275
2011-06-21;0,0412;4394
2011-06-22;0,0387;5779,5
2011-06-24;0,0381;5124
2011-06-27;0,0368;6635
2011-06-28;0,0372;7612
2011-06-29;0,0444;2107,6
2011-06-30;0,0453;1234
2011-07-01;0,0438;3185
2011-07-04;0,0441;2939
2011-07-05;0,0438;4333
2011-07-06;0,0434;1492
2011-07-07;0,0428;3946
2011-07-08;0,043;3805
2011-07-11;0,0437;1340
2011-07-12;0,0436;3478
2011-07-13;0,0437;1808
2011-07-14;0,0438;1599
2011-07-15;0,0426;1996
2011-07-18;0,0434;3757
2011-07-19;0,0432;3160
2011-07-20;0,0434;2268
2011-07-21;0,0438;2326
2011-07-22;0,0435;3764
2011-07-25;0,043;2811
2011-07-26;0,0404;3960
2011-07-27;0,0352;5131
2011-07-28;0,0323;3612
2011-07-29;0,0463;1266
2011-08-01;0,0435;1443
2011-08-02;0,0433;1608
2011-08-03;0,0423;1931
2011-08-04;0,0428;1572
2011-08-05;0,0428;1359
2011-08-08;0,0436;3039
2011-08-09;0,0438;2620
2011-08-10;0,044;2666,5
2011-08-11;0,0452;2042
2011-08-12;0,044;1178
2011-08-16;0,0434;2081
2011-08-17;0,0433;3649
2011-08-18;0,043;3391
2011-08-19;0,044;2423
2011-08-22;0,0441;1775
2011-08-23;0,0438;1040
2011-08-24;0,0438;493
2011-08-25;0,0441;1953
2011-08-26;0,0379;5011
2011-08-29;0,0341;2605
2011-08-30;0,0439;3124
2011-08-31;0,0442;1790
2011-09-01;0,0446;3255
2011-09-02;0,0444;2545
2011-09-05;0,0445;1528
2011-09-06;0,0447;3183
2011-09-07;0,0457;2378
2011-09-08;0,0451;1948
2011-09-09;0,0443;2613
2011-09-12;0,0454;3029,5
2011-09-13;0,0451;2059
2011-09-14;0,045;1307
2011-09-15;0,0455;2834
2011-09-16;0,0426;4874,5
2011-09-19;0,0431;3889
2011-09-20;0,0429;5179
2011-09-21;0,0433;3983
2011-09-22;0,0427;4968,5
2011-09-23;0,0387;6268
2011-09-26;0,0385;3051
2011-09-27;0,0343;3530
2011-09-28;0,0327;3331
2011-09-29;0,0435;1801,1
2011-09-30;0,0421;2997
2011-10-03;0,043;2494
2011-10-04;0,0423;1915
2011-10-05;0,0424;1195
2011-10-06;0,0419;755
2011-10-07;0,0421;4176
2011-10-10;0,0433;1810
2011-10-11;0,0436;3254
2011-10-12;0,0434;2616
2011-10-13;0,044;4797
2011-10-14;0,043;5874
2011-10-17;0,0432;4222
2011-10-18;0,0434;2956
2011-10-19;0,0433;3760
2011-10-20;0,0432;4412
2011-10-21;0,041;4879
2011-10-24;0,0396;4238
2011-10-25;0,0407;4609
2011-10-26;0,0409;3543
2011-10-27;0,0415;2008
2011-10-28;0,0447;1069
2011-10-31;0,043;1965
2011-11-02;0,0421;1681
2011-11-03;0,042;2773
2011-11-04;0,0451;2252
2011-11-07;0,0458;2692
2011-11-08;0,046;1530
2011-11-09;0,0472;2592
2011-11-10;0,0461;1825
2011-11-14;0,0458;2431
2011-11-15;0,0456;2896
2011-11-16;0,0449;3471
2011-11-17;0,0453;3526,5
2011-11-18;0,0437;2730
2011-11-21;0,0422;3550
2011-11-22;0,0421;3160
2011-11-23;0,0431;1448
2011-11-24;0,0436;3370
2011-11-25;0,0429;3953
2011-11-28;0,04;3348
2011-11-29;0,0442;1425
2011-11-30;0,0449;2403
2011-12-01;0,0445;3875
2011-12-02;0,0405;2737
2011-12-05;0,0414;1522
2011-12-06;0,0408;2685
2011-12-07;0,04;1588,5
2011-12-08;0,0418;2326
2011-12-09;0,0407;3121
2011-12-12;0,0408;2749
2011-12-13;0,0417;2657
2011-12-14;0,0426;1479
2011-12-15;0,0431;1661
2011-12-16;0,0375;2799
2011-12-19;0,0367;2138
2011-12-20;0,0403;1040
2011-12-21;0,0386;1425
2011-12-22;0,039;2160
2011-12-23;0,0335;2245
2011-12-27;0,0365;4165
2011-12-28;0,0325;2652
2011-12-29;0,0319;2167,5
2011-12-30;0,0365;412
2012-01-02;0,0406;865
2012-01-03;0,0397;2828
2012-01-04;0,0397;1313
2012-01-05;0,0425;2920
2012-01-09;0,044;3315
2012-01-10;0,0435;735
2012-01-11;0,0436;1322
2012-01-12;0,0435;2486
2012-01-13;0,0423;1450
2012-01-16;0,0428;1568
2012-01-17;0,0424;1760
2012-01-18;0,0414;2082
2012-01-19;0,0408;2711
2012-01-20;0,0402;3468
2012-01-23;0,0403;2406
2012-01-24;0,038;4169,5
2012-01-25;0,0396;5134
2012-01-26;0,0384;2028
2012-01-27;0,0327;2080
2012-01-30;0,0407;1099
2012-01-31;0,0432;2358
2012-02-01;0,0433;2572
2012-02-02;0,0439;2023
2012-02-03;0,0425;3220
2012-02-06;0,0417;1477
2012-02-07;0,0401;3040
2012-02-08;0,0416;2645
2012-02-09;0,041;1698
2012-02-10;0,0428;1365
2012-02-13;0,0426;810
2012-02-14;0,043;495
2012-02-15;0,0433;1575
2012-02-16;0,0429;2695
2012-02-17;0,0433;790
2012-02-20;0,0425;3477
2012-02-21;0,0429;4454
2012-02-22;0,0419;2708
2012-02-23;0,0409;2964
2012-02-24;0,0417;5590
2012-02-27;0,0369;6255
2012-02-28;0,0457;2724
2012-02-29;0,0451;1573
2012-03-01;0,045;1033
2012-03-02;0,0437;1230
2012-03-05;0,0439;1906
2012-03-06;0,0432;3466
2012-03-07;0,0435;3506
2012-03-08;0,0437;1808
2012-03-09;0,044;1884
2012-03-12;0,0439;2628
2012-03-13;0,0436;1480
2012-03-14;0,0441;2311,5
2012-03-15;0,0441;1685
2012-03-16;0,0438;2319
2012-03-19;0,0431;2247
2012-03-20;0,0422;4465
2012-03-21;0,0427;4035
2012-03-22;0,0426;5975,5
2012-03-23;0,0448;5777
2012-03-26;0,0457;2000
2012-03-27;0,0464;1355
2012-03-28;0,046;2174
2012-03-29;0,0452;2980
2012-03-30;0,0432;610
2012-04-02;0,0434;1960
2012-04-03;0,0431;2476
2012-04-04;0,0434;1260
2012-04-05;0,0435;2085,5
2012-04-06;0,0442;695
2012-04-10;0,0445;1565
2012-04-11;0,0442;1537,5
2012-04-12;0,0446;2759,5
2012-04-13;0,0439;2335
2012-04-16;0,0442;2479
2012-04-17;0,044;3275
2012-04-18;0,0433;2410,5
2012-04-19;0,0428;2594
2012-04-20;0,041;4735
2012-04-23;0,0402;3583
2012-04-24;0,042;5448,5
2012-04-25;0,0408;5598
2012-04-26;0,0429;3457
2012-04-27;0,044;799
2012-04-30;0,0398;1378
2012-05-02;0,0425;2119
2012-05-04;0,042;2509
2012-05-07;0,042;2400
2012-05-08;0,0412;2255
2012-05-09;0,0441;2553
2012-05-10;0,0452;3163
2012-05-11;0,0459;4115
2012-05-14;0,0479;2750
2012-05-15;0,0476;2163
2012-05-16;0,0479;2964
2012-05-17;0,0481;2165
2012-05-18;0,0442;3064
2012-05-21;0,0411;4264
2012-05-22;0,0453;2703
2012-05-23;0,0458;1073
2012-05-24;0,0471;2635
2012-05-25;0,0471;5547
2012-05-28;0,0458;3218
2012-05-29;0,0449;3174
2012-05-30;0,048;977
2012-05-31;0,0491;1867
2012-06-01;0,0472;1600
2012-06-04;0,0467;1438
2012-06-05;0,0472;2730
2012-06-06;0,0478;2699
2012-06-08;0,0477;1752
2012-06-11;0,047;1866
2012-06-12;0,0473;2580
2012-06-13;0,0467;3393
2012-06-14;0,0467;3485
2012-06-15;0,0473;2919
2012-06-18;0,0465;3123
2012-06-19;0,046;2658
2012-06-20;0,0465;2137
2012-06-21;0,0466;2622
2012-06-22;0,0467;2469
2012-06-25;0,0465;3199
2012-06-26;0,0471;1730
2012-06-27;0,048;4116
2012-06-28;0,0475;3971
2012-06-29;0,0478;300
2012-07-02;0,0463;638
2012-07-03;0,0471;343
2012-07-04;0,0472;890
2012-07-05;0,0473;749
2012-07-06;0,0468;1133
2012-07-09;0,0463;1645
2012-07-10;0,0468;410
2012-07-11;0,0467;523
2012-07-12;0,0466;2321
2012-07-13;0,0469;2458
2012-07-16;0,0473;2613
2012-07-17;0,0477;1539
2012-07-18;0,0474;583
2012-07-19;0,0473;1003
2012-07-20;0,0447;3648
2012-07-23;0,045;2928
2012-07-24;0,0463;3613
2012-07-25;0,0448;6124
2012-07-26;0,0437;3792
2012-07-27;0,0406;3105
2012-07-30;0,0482;345
2012-07-31;0,047;2388
2012-08-01;0,0466;3483
2012-08-02;0,047;3270
2012-08-03;0,0475;2723
2012-08-06;0,0469;2953
2012-08-07;0,0468;1678
2012-08-08;0,0468;2053
2012-08-09;0,0471;1802
2012-08-10;0,0473;955
2012-08-13;0,048;1335
2012-08-14;0,0477;1158
2012-08-16;0,0477;2064,5
2012-08-17;0,0468;1799
2012-08-20;0,0465;4777
2012-08-21;0,0458;5785
2012-08-22;0,0457;811
2012-08-23;0,0456;1459,5
2012-08-24;0,0499;2360
2012-08-27;0,0499;4630
2012-08-28;0,0493;5376
2012-08-29;0,0495;7015
2012-08-30;0,0498;4278
2012-08-31;0,0478;2101
2012-09-03;0,0467;1410
2012-09-04;0,0471;2235
2012-09-05;0,0472;2290
2012-09-06;0,0477;4469
2012-09-07;0,0472;3110
2012-09-10;0,0469;3958
2012-09-11;0,0471;1434
2012-09-12;0,0472;1735
2012-09-13;0,047;1120
2012-09-14;0,0468;1933
2012-09-17;0,0467;903
2012-09-18;0,0469;2750
2012-09-19;0,0468;3851
2012-09-20;0,0466;3427
2012-09-21;0,0477;3939,5
2012-09-24;0,0473;3874
2012-09-25;0,0471;3357
2012-09-26;0,0467;3851
2012-09-27;0,0487;2425
2012-09-28;0,0492;2558
2012-10-01;0,0471;3013
2012-10-02;0,0463;5070
2012-10-03;0,046;4683
2012-10-04;0,0467;4340
2012-10-05;0,0471;2983
2012-10-08;0,0478;2185
2012-10-09;0,0477;1475
2012-10-10;0,048;990
2012-10-11;0,0485;1413
2012-10-12;0,0473;4960
2012-10-15;0,0472;3415
2012-10-16;0,0469;2415
2012-10-17;0,0476;1509
2012-10-18;0,0469;1139
2012-10-19;0,0443;4028
2012-10-22;0,0443;2600
2012-10-23;0,0445;1275
2012-10-24;0,0428;3262
2012-10-25;0,0357;2949
2012-10-26;0,0474;4939
2012-10-29;0,0435;5590
2012-10-30;0,0488;4230
2012-10-31;0,0477;1319
2012-11-02;0,0474;1880
2012-11-05;0,0464;2770
2012-11-06;0,0462;2750
2012-11-07;0,0453;3140
2012-11-08;0,0448;4230
2012-11-09;0,045;2465
2012-11-12;0,0454;2965
2012-11-13;0,0454;2785
2012-11-14;0,0454;4445
2012-11-15;0,0454;3010
2012-11-16;0,045;3495
2012-11-19;0,0452;970
2012-11-20;0,0449;4209
2012-11-21;0,0447;3709
2012-11-22;0,0446;3434
2012-11-23;0,0456;2949
2012-11-26;0,0454;6512
2012-11-27;0,0454;5110
2012-11-28;0,0448;2700
2012-11-29;0,0458;2116
2012-11-30;0,0451;2345
2012-12-03;0,0449;2930,5
2012-12-04;0,044;1929,5
2012-12-05;0,0431;3029,5
2012-12-06;0,043;1685,5
2012-12-07;0,0426;4185
2012-12-10;0,0426;2235,7
2012-12-11;0,0424;1555
2012-12-12;0,0424;1323
2012-12-13;0,0425;1584
2012-12-14;0,0423;2033
2012-12-17;0,042;2613
2012-12-18;0,0418;3329
2012-12-19;0,0413;3521
2012-12-20;0,0409;5494
2012-12-21;0,0408;3850
2012-12-24;0,0399;2462
2012-12-27;0,0313;2225
2012-12-28;0,0417;425
2012-12-31;0,0374;375
2013-01-02;0,0389;1745
2013-01-03;0,0392;1780
2013-01-04;0,0403;1983
2013-01-07;0,0402;1693
2013-01-08;0,0396;1018
2013-01-09;0,0401;1330
2013-01-10;0,0398;2077
2013-01-11;0,0383;2263
2013-01-14;0,0377;2673
2013-01-15;0,0384;580
2013-01-16;0,039;2272
2013-01-17;0,0398;2294
2013-01-18;0,0397;2050
2013-01-21;0,0397;2265
2013-01-22;0,0394;3468
2013-01-23;0,0399;1318
2013-01-24;0,0395;1452
2013-01-25;0,0368;5484
2013-01-28;0,0369;5845
2013-01-29;0,0311;4024
2013-01-30;0,0404;2553
2013-01-31;0,0392;2166
2013-02-01;0,0402;1738
2013-02-04;0,0385;597
2013-02-05;0,0384;1674
2013-02-06;0,0377;3292
2013-02-07;0,0372;4066
2013-02-08;0,0372;2776
2013-02-11;0,0371;2915
2013-02-12;0,0368;3304
2013-02-13;0,0368;2342
2013-02-14;0,0369;3422
2013-02-15;0,037;1397
2013-02-18;0,0371;2552
2013-02-19;0,0369;4386
2013-02-20;0,0368;3660
2013-02-21;0,0368;1619,5
2013-02-22;0,0376;2340
2013-02-25;0,0372;3202
2013-02-26;0,0366;3161
2013-02-27;0,0381;2565
2013-02-28;0,037;1405
2013-03-01;0,0373;1322
2013-03-04;0,0369;1208,9
2013-03-05;0,0371;1590
2013-03-06;0,0343;2338
2013-03-07;0,0328;1484
2013-03-08;0,0325;874
2013-03-11;0,0324;4257
2013-03-12;0,032;4308
2013-03-13;0,032;1374
2013-03-14;0,0322;1725
2013-03-15;0,0312;2727
2013-03-18;0,0314;2009
2013-03-19;0,032;1640
2013-03-20;0,0318;2430
2013-03-21;0,032;1808
2013-03-22;0,0329;1980
2013-03-25;0,0329;2426
2013-03-26;0,0332;1331
2013-03-27;0,033;1622,5
2013-03-28;0,0325;1290
2013-03-29;0,033;320
2013-04-02;0,0317;914
2013-04-03;0,0318;1328
2013-04-04;0,0319;1970
2013-04-05;0,0322;1350
2013-04-08;0,0321;925
2013-04-09;0,0324;1287
2013-04-10;0,0321;1333
2013-04-11;0,0322;1255
2013-04-12;0,032;2862
2013-04-15;0,0322;1999
2013-04-16;0,0322;3352
2013-04-17;0,0316;2864
2013-04-18;0,0315;2202,5
2013-04-19;0,0299;7347
2013-04-22;0,0302;6495
2013-04-23;0,0291;5738
2013-04-24;0,0298;4048
2013-04-25;0,0269;8457
2013-04-26;0,021;3362,5
2013-04-29;0,033;1550
2013-04-30;0,031;6287
2013-05-02;0,0304;4097
2013-05-06;0,0302;3630
2013-05-07;0,0302;1678
2013-05-08;0,03;1563
2013-05-09;0,029;2773
2013-05-10;0,0286;3996
2013-05-13;0,0286;2113
2013-05-14;0,0292;2538
2013-05-15;0,0293;2763
2013-05-16;0,0294;1705
2013-05-17;0,0298;548
2013-05-20;0,0296;2545
2013-05-21;0,0298;2208
2013-05-22;0,0297;778
2013-05-23;0,0301;990
2013-05-24;0,03;3668
2013-05-27;0,0298;3362
2013-05-28;0,0312;2069
2013-05-29;0,0311;2673
2013-05-31;0,0291;2285
2013-06-03;0,0293;1725
2013-06-04;0,0297;990
2013-06-05;0,0276;1150
2013-06-06;0,0273;1595
2013-06-07;0,0272;2780
2013-06-10;0,0274;3330
2013-06-11;0,0279;1770
2013-06-12;0,0274;1774,5
2013-06-13;0,0278;1520
2013-06-14;0,0263;1680
2013-06-17;0,0262;2757,5
2013-06-18;0,0264;2255
2013-06-19;0,0264;2629
2013-06-20;0,0256;3234
2013-06-21;0,023;6259
2013-06-24;0,0251;3215
2013-06-25;0,0239;5852
2013-06-26;0,0208;4534
2013-06-27;0,0154;1065
2013-06-28;0,0263;825
2013-07-01;0,0239;1488
2013-07-02;0,0233;1333
2013-07-03;0,0234;1285
2013-07-04;0,0232;790
2013-07-05;0,0243;1085
2013-07-08;0,0243;1540
2013-07-09;0,0245;1459,5
2013-07-10;0,0247;965
2013-07-11;0,0246;1259,5
2013-07-12;0,0246;1313
2013-07-15;0,0252;1794
2013-07-16;0,025;2112
2013-07-17;0,0247;1910
2013-07-18;0,0249;3074
2013-07-19;0,024;2506
2013-07-22;0,02;7502
2013-07-23;0,0212;3260
2013-07-24;0,0207;3814,5
2013-07-25;0,0193;6783
2013-07-26;0,0163;4533
2013-07-29;0,0143;4089
2013-07-30;0,0253;1605
2013-07-31;0,0231;2230
2013-08-01;0,0247;760
2013-08-02;0,0241;1318
2013-08-05;0,0238;635
2013-08-06;0,0239;1344,5
2013-08-07;0,0242;1567,5
2013-08-08;0,024;915
2013-08-09;0,0244;1664
2013-08-12;0,0242;1987
2013-08-13;0,024;1201
2013-08-14;0,0244;1894
2013-08-16;0,0244;1796
2013-08-19;0,0247;1370
2013-08-20;0,0239;4349
2013-08-21;0,024;3160
2013-08-22;0,0242;1513
2013-08-23;0,0246;1938
2013-08-26;0,0247;3677
2013-08-27;0,0246;3980
2013-08-28;0,0248;3455
2013-08-29;0,0249;805
2013-08-30;0,0249;2855
2013-09-02;0,0233;1350
2013-09-03;0,0232;605
2013-09-04;0,023;756
2013-09-05;0,023;810
2013-09-06;0,0244;1690
2013-09-09;0,0246;3000
2013-09-10;0,0239;772
2013-09-11;0,0241;2003,5
2013-09-12;0,0243;1716,5
2013-09-13;0,0242;1210
2013-09-16;0,0244;1160
2013-09-17;0,0243;1870
2013-09-18;0,0241;3025
2013-09-19;0,0243;2084,5
2013-09-20;0,0242;3263
2013-09-23;0,0246;2324
2013-09-24;0,0242;1853
2013-09-25;0,0238;3843
2013-09-26;0,0218;5587
2013-09-27;0,0251;2785
2013-09-30;0,022;3535
2013-10-01;0,0243;848
2013-10-02;0,0244;1913
2013-10-03;0,0242;1263
2013-10-04;0,0242;1720
2013-10-07;0,0243;1050
2013-10-08;0,0247;1530
2013-10-09;0,025;1000
2013-10-10;0,0255;609,5
2013-10-11;0,0243;578
2013-10-14;0,0249;1729
2013-10-15;0,0243;1703
2013-10-16;0,0243;748
2013-10-17;0,0237;3312
2013-10-18;0,0233;2644
2013-10-21;0,0217;4923
2013-10-22;0,0218;2890
2013-10-23;0,0226;4180
2013-10-24;0,0219;6185
2013-10-25;0,0193;4685
2013-10-28;0,0234;2315
2013-10-29;0,0238;4345
2013-10-30;0,0266;4174
2013-10-31;0,0245;1381
2013-11-04;0,024;3243
2013-11-05;0,0243;2303
2013-11-06;0,0241;3145
2013-11-07;0,0241;3310
2013-11-08;0,024;3048
2013-11-12;0,0248;2173
2013-11-13;0,0249;1885
2013-11-14;0,0252;840
2013-11-15;0,0253;2510
2013-11-18;0,0253;891
2013-11-19;0,0247;1536
2013-11-20;0,0245;2397
2013-11-21;0,0244;1226
2013-11-22;0,0243;3271
2013-11-25;0,0242;3340
2013-11-26;0,0235;7664
2013-11-27;0,0247;2368
2013-11-28;0,0251;1348
2013-11-29;0,0244;1100
2013-12-02;0,0226;3803
2013-12-03;0,0236;822
2013-12-04;0,0242;1280
2013-12-05;0,0238;1463
2013-12-06;0,0239;1465
2013-12-09;0,0245;2100
2013-12-10;0,0244;789
2013-12-11;0,0241;1185
2013-12-12;0,0249;995
2013-12-13;0,024;1005
2013-12-16;0,0242;2785
2013-12-17;0,0243;2960
2013-12-18;0,0235;1690
2013-12-19;0,0234;1510
2013-12-20;0,018;2718
2013-12-23;0,0221;2557
2013-12-24;0,0182;2613
2013-12-27;0,0112;1355
2013-12-30;0,0255;645
2013-12-31;0,024;2130
2014-01-02;0,0242;1670
2014-01-03;0,024;1925
2014-01-07;0,0242;2682,5
2014-01-08;0,0243;1827,5
2014-01-09;0,0249;1908
2014-01-10;0,0246;875
2014-01-13;0,0245;1740
2014-01-14;0,0247;1254,5
2014-01-15;0,0246;3257,5
2014-01-16;0,0248;2722,5
2014-01-17;0,0236;1305
2014-01-20;0,022;6989
2014-01-21;0,0242;1775
2014-01-22;0,0245;2930
2014-01-23;0,0244;3090
2014-01-24;0,0238;3655
2014-01-27;0,0193;3173
2014-01-28;0,0256;4729
2014-01-29;0,0309;2723
2014-01-30;0,0353;4791,1
2014-01-31;0,0234;3330
2014-02-03;0,024;1661
2014-02-04;0,0242;1000
2014-02-05;0,0241;2150
2014-02-06;0,0242;1490
2014-02-07;0,0246;935
2014-02-10;0,0242;1165
2014-02-11;0,0242;639,5
2014-02-12;0,024;2412
2014-02-13;0,024;2399,5
2014-02-14;0,0233;1716
2014-02-17;0,0231;2630
2014-02-18;0,0233;1220
2014-02-19;0,0241;1290
2014-02-20;0,0241;1529
2014-02-21;0,0208;2474
2014-02-24;0,0222;4490
2014-02-25;0,0201;4025
2014-02-26;0,0179;5310
2014-02-27;0,0249;2200
2014-02-28;0,0245;2295
2014-03-03;0,0242;915
2014-03-04;0,0244;1680
2014-03-05;0,0246;1435
2014-03-06;0,0247;2283
2014-03-07;0,0249;2180
2014-03-10;0,0249;1224
2014-03-11;0,0252;2062
2014-03-12;0,0252;975
2014-03-13;0,0252;1134
2014-03-14;0,0249;1680
2014-03-17;0,0249;2689,5
2014-03-18;0,0245;1194,5
2014-03-19;0,0243;3394,5
2014-03-20;0,0241;4619,5
2014-03-21;0,0246;1925
2014-03-24;0,0247;1925
2014-03-25;0,0247;1810
2014-03-26;0,0251;2630
2014-03-27;0,0253;1910
2014-03-28;0,0254;765
2014-03-31;0,0242;1529,5
2014-04-01;0,0239;4405
2014-04-02;0,0242;1743
2014-04-03;0,0243;3490
2014-04-04;0,0247;2285
2014-04-07;0,0249;3249
2014-04-08;0,0248;3595
2014-04-09;0,0251;3335
2014-04-10;0,0256;2678
2014-04-11;0,0249;2955
2014-04-14;0,0249;2699
2014-04-15;0,025;1575
2014-04-16;0,0253;2760
2014-04-17;0,0253;1640
2014-04-18;0,0254;5225
2014-04-22;0,0249;5090
2014-04-23;0,0249;3540
2014-04-24;0,0249;2895
2014-04-25;0,0216;4770
2014-04-28;0,0163;2998
2014-04-29;0,025;2062
2014-04-30;0,0247;3965
2014-05-02;0,025;2284
2014-05-05;0,0251;2070
2014-05-06;0,0246;1800
2014-05-07;0,0248;1250
2014-05-08;0,0246;1590
2014-05-09;0,0244;4055
2014-05-12;0,0247;690
2014-05-13;0,0248;650
2014-05-14;0,0251;1350
2014-05-15;0,0252;1560
2014-05-16;0,0248;1180
2014-05-19;0,0246;815
2014-05-20;0,0248;2375
2014-05-21;0,0249;670
2014-05-22;0,0249;1930
2014-05-23;0,0252;1720
2014-05-26;0,0253;1555
2014-05-27;0,0253;2229,5
2014-05-28;0,0252;3809,5
2014-05-29;0,0253;934
2014-05-30;0,0251;595
2014-06-02;0,0246;170
2014-06-03;0,0244;3705
2014-06-04;0,0245;4470
2014-06-05;0,0244;5980
2014-06-06;0,024;4980
2014-06-09;0,0243;1530
2014-06-10;0,024;3935
2014-06-11;0,0241;3304,5
2014-06-12;0,0244;2594,5
2014-06-13;0,0249;1270
2014-06-16;0,0259;3763
2014-06-17;0,0264;1247
2014-06-18;0,0271;3151
2014-06-20;0,0252;1879
2014-06-23;0,0257;1430
2014-06-24;0,0269;2270
2014-06-25;0,0261;3530
2014-06-26;0,0261;2660
2014-06-27;0,0253;907
2014-06-30;0,0253;1218
2014-07-01;0,025;1945
2014-07-02;0,025;1260
2014-07-03;0,025;575
2014-07-04;0,0248;1960
2014-07-07;0,0248;3235
2014-07-08;0,0248;1390
2014-07-09;0,0246;4340
2014-07-10;0,0248;2180
2014-07-11;0,0248;3360
2014-07-14;0,0251;3270
2014-07-15;0,0248;1100
2014-07-16;0,0243;2655
2014-07-17;0,0243;3109,8
2014-07-18;0,0245;4340
2014-07-21;0,0246;3880
2014-07-22;0,0246;2740
2014-07-23;0,0244;3010
2014-07-24;0,0242;2780
2014-07-25;0,0169;3155
2014-07-28;0,0203;4674
2014-07-29;0,0191;3275
2014-07-30;0,0251;3110
2014-07-31;0,0251;3680
2014-08-01;0,0252;2810
2014-08-04;0,025;2295
2014-08-05;0,0252;1755
2014-08-06;0,0256;1290
2014-08-07;0,0257;2390
2014-08-08;0,0247;1405
2014-08-11;0,0249;1855
2014-08-12;0,0248;1545
2014-08-13;0,0252;420
2014-08-14;0,0247;2100
2014-08-18;0,025;1300
2014-08-19;0,0251;2260
2014-08-20;0,0248;2814,5
2014-08-21;0,0248;2889,5
2014-08-22;0,025;1545
2014-08-25;0,0243;1720
2014-08-26;0,0235;4275
2014-08-27;0,0256;2548
2014-08-28;0,0262;4576
2014-08-29;0,0257;2820
2014-09-01;0,0246;3010
2014-09-02;0,0247;3510
2014-09-03;0,0247;2475
2014-09-04;0,0246;4850
2014-09-05;0,0253;2295
2014-09-08;0,0255;3677
2014-09-09;0,0257;2389
2014-09-10;0,0256;2459
2014-09-11;0,0258;2904
2014-09-12;0,025;1475
2014-09-15;0,0252;3165
2014-09-16;0,0252;1510
2014-09-17;0,0251;2430
2014-09-18;0,0248;1555
2014-09-19;0,025;2790
2014-09-22;0,0244;3580
2014-09-23;0,0246;3569
2014-09-24;0,0235;1964,5
2014-09-25;0,0229;1317,5
2014-09-26;0,0199;3949
2014-09-29;0,0247;1375
2014-09-30;0,0251;2110
2014-10-01;0,0248;4280
2014-10-02;0,0248;3545
2014-10-03;0,022;2220
2014-10-06;0,0219;4520
2014-10-07;0,0209;2955
2014-10-08;0,0206;3070
2014-10-09;0,0199;3190
2014-10-10;0,0197;920
2014-10-13;0,0193;1194
2014-10-14;0,0201;1030
2014-10-15;0,02;3010
2014-10-16;0,0199;1010
2014-10-17;0,0207;609
2014-10-20;0,0201;2360
2014-10-21;0,02;495
2014-10-22;0,0203;2715
2014-10-23;0,0199;2605
2014-10-24;0,0174;2154
2014-10-27;0,0176;3905
2014-10-28;0,0168;3344,5
2014-10-29;0,0138;2866,5
2014-10-30;0,02;1748,5
2014-10-31;0,018;1150
2014-11-03;0,0185;970
2014-11-04;0,018;520
2014-11-05;0,0193;875
2014-11-06;0,0201;820
2014-11-07;0,0202;895
2014-11-10;0,0202;1230
2014-11-12;0,0198;140
2014-11-13;0,0202;640
2014-11-14;0,0199;1400
2014-11-17;0,02;1000
2014-11-18;0,02;1290
2014-11-19;0,0197;250
2014-11-20;0,0197;2330
2014-11-21;0,02;1373
2014-11-24;0,0203;1120
2014-11-25;0,0202;2460
2014-11-26;0,0204;870
2014-11-27;0,0202;1540
2014-11-28;0,02;1117
2014-12-01;0,0196;1010
2014-12-02;0,0189;4114
2014-12-03;0,0185;7604
2014-12-04;0,0187;785
2014-12-05;0,0198;930
2014-12-08;0,02;731
2014-12-09;0,0202;510
2014-12-10;0,0198;1825
2014-12-11;0,0197;2060
2014-12-12;0,0198;3129
2014-12-15;0,0201;1180
2014-12-16;0,0202;2180
2014-12-17;0,0204;2380
2014-12-18;0,0204;1290
2014-12-19;0,0179;3470
2014-12-22;0,0142;3395
2014-12-23;0,0137;5145
2014-12-24;0,018;600
2014-12-29;0,014;3140
2014-12-30;0,0198;1377
2014-12-31;0,0198;925
2015-01-02;0,019;6370
2015-01-05;0,0173;4433
2015-01-07;0,0172;1830
2015-01-08;0,0166;1435
2015-01-09;0,0185;2170,5
2015-01-12;0,019;480
2015-01-13;0,0192;3344,5
2015-01-14;0,0193;1899,5
2015-01-15;0,02;1434
2015-01-16;0,0177;3890
2015-01-19;0,0126;2528
2015-01-20;0,0177;5795
2015-01-21;0,0178;3348
2015-01-22;0,0171;3855
2015-01-23;0,0161;5070
2015-01-26;0,0151;3275
2015-01-27;0,0148;4995
2015-01-28;0,0188;3540
2015-01-29;0,0207;3912
2015-01-30;0,0202;1960
2015-02-02;0,0174;1150
2015-02-03;0,0161;2795
2015-02-04;0,0163;3890
2015-02-05;0,0177;2243
2015-02-06;0,0195;1498
2015-02-09;0,0197;2770
2015-02-10;0,0193;1648
2015-02-11;0,02;945
2015-02-12;0,0198;1324,5
2015-02-13;0,0198;1590
2015-02-16;0,0207;1933
2015-02-17;0,0207;1357
2015-02-18;0,0198;520
2015-02-19;0,0195;669,5
2015-02-20;0,02;1900
2015-02-23;0,0203;2605
2015-02-24;0,0204;1860
2015-02-25;0,0204;2075
2015-02-26;0,0204;1570
2015-02-27;0,0196;1470
2015-03-02;0,0183;1275
2015-03-03;0,0174;2540
2015-03-04;0,0169;930
2015-03-05;0,0148;2270
2015-03-06;0,0147;1725
2015-03-09;0,0147;995
2015-03-10;0,0148;970
2015-03-11;0,015;370
2015-03-12;0,015;820
2015-03-13;0,0146;950
2015-03-16;0,0153;410
2015-03-17;0,0152;910
2015-03-18;0,015;635
2015-03-19;0,0149;230
2015-03-20;0,0151;885
2015-03-23;0,0151;3370
2015-03-24;0,0154;1690
2015-03-25;0,0153;3010
2015-03-26;0,0155;1910
2015-03-27;0,0127;4065
2015-03-30;0,0123;457
2015-03-31;0,0153;935
2015-04-01;0,015;1210
2015-04-02;0,0151;590
2015-04-03;0,0148;420
2015-04-07;0,0148;120
2015-04-08;0,0149;580
2015-04-09;0,0149;2415
2015-04-10;0,0147;1270
2015-04-13;0,0148;1335
2015-04-14;0,0148;730
2015-04-15;0,0149;804,5
2015-04-16;0,015;744,5
2015-04-17;0,0149;2880
2015-04-20;0,015;530
2015-04-21;0,0148;2070
2015-04-22;0,0149;1025
2015-04-23;0,0154;2240
2015-04-24;0,013;3060
2015-04-27;0,0127;3830
2015-04-28;0,0091;6870
2015-04-29;0,0142;1341,5
2015-04-30;0,0147;1780
2015-05-04;0,0148;525
2015-05-05;0,015;1345
2015-05-06;0,0153;1410
2015-05-07;0,0152;1270
2015-05-08;0,0142;1350
2015-05-11;0,0131;1440
2015-05-12;0,0135;1870
2015-05-13;0,0132;1725
2015-05-14;0,0129;1600
2015-05-15;0,0139;3080
2015-05-18;0,0147;530
2015-05-19;0,0139;2150
2015-05-20;0,0132;3580
2015-05-21;0,0129;3805
2015-05-22;0,0139;3200
2015-05-25;0,0138;5905
2015-05-26;0,0136;4225
2015-05-27;0,0134;1675
2015-05-28;0,0138;2275
2015-05-29;0,0149;353
2015-06-01;0,014;660
2015-06-02;0,0143;670
2015-06-03;0,0142;1225
2015-06-05;0,0138;1460
2015-06-08;0,0137;2195
2015-06-09;0,0131;1309,5
2015-06-10;0,0132;419,5
2015-06-11;0,0131;2189,5
2015-06-12;0,0146;1920
2015-06-15;0,0156;835
2015-06-16;0,0164;1681
2015-06-17;0,0158;2414,5
2015-06-18;0,0154;2509,5
2015-06-19;0,0148;945
2015-06-22;0,0148;1495
2015-06-23;0,015;670
2015-06-24;0,015;719
2015-06-25;0,0145;3389,5
2015-06-26;0,008;2214
2015-06-29;0,014;650
2015-06-30;0,0151;1465
2015-07-01;0,0144;325
2015-07-02;0,0148;1180
2015-07-03;0,015;860
2015-07-06;0,0151;1220
2015-07-07;0,0149;660
2015-07-08;0,0151;1004,5
2015-07-09;0,0151;974,5
2015-07-10;0,0147;1330
2015-07-13;0,0149;865
2015-07-14;0,0148;1860
2015-07-15;0,0149;3381
2015-07-16;0,0149;1700
2015-07-17;0,0152;560
2015-07-20;0,0151;1885
2015-07-21;0,015;3330
2015-07-22;0,0149;3345
2015-07-23;0,0149;3195
2015-07-24;0,0136;3940
2015-07-27;0,0119;6985
2015-07-28;0,0092;5390
2015-07-29;0,0081;4945
2015-07-30;0,0148;1165
2015-07-31;0,0148;2625
2015-08-03;0,0151;470
2015-08-04;0,0147;695
2015-08-05;0,0149;1020
2015-08-06;0,0148;1070
2015-08-07;0,0145;420
2015-08-10;0,0147;335
2015-08-11;0,0149;760
2015-08-12;0,015;730
2015-08-13;0,0151;340
2015-08-14;0,0146;290
2015-08-17;0,0153;1120
2015-08-18;0,0151;820
2015-08-19;0,0151;190
2015-08-20;0,0149;120
2015-08-21;0,0153;1400
2015-08-24;0,0157;1250
2015-08-25;0,0164;1293
2015-08-26;0,018;1650
2015-08-27;0,0168;2540
2015-08-28;0,0144;1165
2015-08-31;0,0148;215
2015-09-01;0,0145;275
2015-09-02;0,0145;1830
2015-09-03;0,0147;695
2015-09-04;0,015;530
2015-09-07;0,0148;919,5
2015-09-08;0,0151;300
2015-09-09;0,0148;2755
2015-09-10;0,015;3530
2015-09-11;0,0148;940
2015-09-14;0,0149;300
2015-09-15;0,0153;414,5
2015-09-16;0,0152;3584,5
2015-09-17;0,0151;3604,5
2015-09-18;0,015;3340
2015-09-21;0,0144;3320
2015-09-22;0,0136;1855
2015-09-23;0,0115;470
2015-09-24;0,0119;2540
2015-09-25;0,0128;5010
2015-09-28;0,0157;4817
2015-09-29;0,0174;3713
2015-09-30;0,016;1005
2015-10-01;0,0155;2765
2015-10-02;0,0153;5055
2015-10-05;0,0153;4535
2015-10-06;0,0154;3020
2015-10-07;0,0154;3153
2015-10-08;0,0155;2964
2015-10-09;0,015;1745
2015-10-12;0,0153;445
2015-10-13;0,0152;1555
2015-10-14;0,015;2030
2015-10-15;0,0151;1755
2015-10-16;0,015;4495
2015-10-19;0,0147;1470
2015-10-20;0,0136;3620
2015-10-21;0,014;2750
2015-10-22;0,0136;3234
2015-10-23;0,0134;6645
2015-10-26;0,0129;3363
2015-10-27;0,0112;2840
2015-10-28;0,0073;2070
2015-10-29;0,006;2943
2015-10-30;0,0141;2085
2015-11-02;0,015;1855
2015-11-03;0,0149;1935
2015-11-04;0,015;2200
2015-11-05;0,0149;2285
2015-11-06;0,0148;1120
2015-11-09;0,0149;1440
2015-11-10;0,0151;1124,5
2015-11-12;0,0151;764,5
2015-11-13;0,0137;740
2015-11-16;0,0145;120
2015-11-17;0,0137;2195
2015-11-18;0,0135;940
2015-11-19;0,014;410
2015-11-20;0,0147;3059
2015-11-23;0,0151;1435
2015-11-24;0,0153;300
2015-11-25;0,015;1500
2015-11-26;0,0151;3440
2015-11-27;0,0144;1410
2015-11-30;0,0149;2842,5
2015-12-01;0,0149;1885
2015-12-02;0,0145;3675
2015-12-03;0,0147;1760
2015-12-04;0,0149;2370
2015-12-07;0,0151;400
2015-12-08;0,015;570
2015-12-09;0,0149;1290
2015-12-10;0,0149;1160
2015-12-11;0,0148;1105
2015-12-14;0,015;1980
2015-12-15;0,015;1130
2015-12-16;0,0152;1460
2015-12-17;0,0151;1075
2015-12-18;0,0145;3395
2015-12-21;0,0143;3390
2015-12-22;0,0122;2452
2015-12-23;0,0091;1790
2015-12-24;0,0109;3250
2015-12-28;0,0076;3810
2015-12-29;0,0069;3675
2015-12-30;0,0125;1494
2015-12-31;0,016;20
2016-01-04;0,014;1670
2016-01-05;0,0119;2680
2016-01-07;0,0127;2629,5
2016-01-08;0,0125;2930
2016-01-11;0,0139;1280
2016-01-12;0,0139;1709,5
2016-01-13;0,0141;1664,5
2016-01-14;0,0144;1444,5
2016-01-15;0,0143;2710
2016-01-18;0,0148;1035
2016-01-19;0,0138;1540
2016-01-20;0,0107;4650
2016-01-21;0,0085;3269,5
2016-01-22;0,0121;3845
2016-01-25;0,0151;3715
2016-01-26;0,0168;2000
2016-01-27;0,0166;1405
2016-01-28;0,0162;850
2016-01-29;0,013;1198
2016-02-01;0,0129;1778
2016-02-02;0,0132;650
2016-02-03;0,0137;170
2016-02-04;0,0134;695
2016-02-05;0,0128;1125
2016-02-08;0,0126;2260
2016-02-09;0,0126;1280
2016-02-10;0,0128;2050
2016-02-11;0,0132;1150
2016-02-12;0,0138;1850
2016-02-15;0,0146;1710
2016-02-16;0,0149;2495
2016-02-17;0,0144;3070
2016-02-18;0,0142;1370
2016-02-19;0,0124;2267,5
2016-02-22;0,0109;2040
2016-02-23;0,0097;3161
2016-02-24;0,0089;2098,5
2016-02-25;0,008;2935
2016-02-26;0,0132;903,2
2016-02-29;0,008;155
2016-03-01;0,0129;790
2016-03-02;0,0127;1060
2016-03-03;0,013;740
2016-03-04;0,0148;1285
2016-03-07;0,0156;1010
2016-03-08;0,0157;899,4
2016-03-09;0,0155;429,4
2016-03-10;0,0156;605
2016-03-11;0,0159;2320
2016-03-14;0,0162;658,3
2016-03-15;0,0158;240
2016-03-16;0,0164;1420
2016-03-17;0,0148;625
2016-03-18;0,0144;3711
2016-03-21;0,0125;1833
2016-03-22;0,0089;3010
2016-03-23;0,0087;1366,3
2016-03-24;0,0078;2755
2016-03-25;0,0063;1628
2016-03-29;0,0055;4285
2016-03-30;0,0133;5336
2016-03-31;0,0148;227
2016-04-01;0,0149;770
2016-04-04;0,0156;166,5
2016-04-05;0,0151;2111,6
2016-04-06;0,0155;785
2016-04-07;0,0153;1561,6
2016-04-08;0,0155;1780
2016-04-11;0,0154;750
2016-04-12;0,015;1415
2016-04-13;0,0149;1530
2016-04-14;0,0147;3180
2016-04-15;0,0158;1800
2016-04-18;0,0161;3235
2016-04-19;0,016;2610,9
2016-04-20;0,0158;2205
2016-04-21;0,0154;3845
2016-04-22;0,016;3213
2016-04-25;0,0153;2445
2016-04-26;0,0155;2785
2016-04-27;0,016;2170
2016-04-28;0,0168;2645,7
2016-04-29;0,0111;672
2016-05-02;0,0148;2630
2016-05-04;0,0148;3095
2016-05-05;0,0147;3645
2016-05-06;0,0149;4759,8
2016-05-09;0,0151;2794,8
2016-05-10;0,0152;1904,9
2016-05-11;0,0151;1596,5
2016-05-12;0,0151;1510,5
2016-05-13;0,0151;1401,5
2016-05-16;0,0154;1543,5
2016-05-17;0,0154;1355,5
2016-05-18;0,015;701,6
2016-05-19;0,0144;1031
2016-05-20;0,0146;1601
2016-05-23;0,0148;936
2016-05-24;0,0136;1600
2016-05-25;0,0082;4375
2016-05-27;0,0139;3763
2016-05-30;0,0161;2340,3
2016-05-31;0,016;1460,4
2016-06-01;0,0159;1805,4
2016-06-02;0,0153;3386
2016-06-03;0,0152;3789
2016-06-06;0,0153;2515
2016-06-07;0,0152;2564,7
2016-06-08;0,015;2750,7
2016-06-09;0,015;2919,8
2016-06-10;0,0152;2204,8
2016-06-13;0,0155;1635,8
2016-06-14;0,0158;2760,4
2016-06-15;0,0162;2465,3
2016-06-16;0,0169;720,4
2016-06-17;0,0146;2602,4
2016-06-20;0,0126;2059,9
2016-06-21;0,007;3805,6
2016-06-22;0,0064;2459,6
2016-06-23;0,0068;2370
2016-06-24;0,0101;1595
2016-06-27;0,014;4420
2016-06-28;0,0113;3310,6
2016-06-29;0,0134;675,7
2016-06-30;0,0117;380,7
2016-07-01;0,0149;1489,7
2016-07-04;0,0149;3090
2016-07-05;0,0149;2793,8
2016-07-06;0,0148;1910
2016-07-07;0,0148;4881
2016-07-08;0,015;4300
2016-07-11;0,0151;675,2
2016-07-12;0,0142;3835,3
2016-07-13;0,014;1010,3
2016-07-14;0,0138;1315,2
2016-07-15;0,0145;2505,3
2016-07-18;0,0152;2290
2016-07-19;0,0153;1865
2016-07-20;0,015;2308
2016-07-21;0,0153;1620
2016-07-22;0,0151;1445
2016-07-25;0,0148;2250
2016-07-26;0,0131;4001
2016-07-27;0,0126;3836,1
2016-07-28;0,0118;3301,1
2016-07-29;0,0122;1211
2016-08-01;0,0146;1731,2
2016-08-02;0,0148;2311,2
2016-08-03;0,0147;1380
2016-08-04;0,0147;896,2
2016-08-05;0,0148;1815
2016-08-08;0,015;1581,2
2016-08-09;0,0151;2440
2016-08-10;0,015;2541,3
2016-08-11;0,0149;2686,3
2016-08-12;0,0151;3081,2
2016-08-16;0,0151;1506,3
2016-08-17;0,0149;281,3
2016-08-18;0,0152;1816,3
2016-08-19;0,0151;2251,2
2016-08-22;0,015;1631,2
2016-08-23;0,015;1381,3
2016-08-24;0,0149;1303,7
2016-08-25;0,0142;3491,2
2016-08-26;0,0112;2351,7
2016-08-29;0,008;2345
2016-08-30;0,0118;1560
2016-08-31;0,0125;245
2016-09-01;0,0149;2706,4
2016-09-02;0,0149;2781,4
2016-09-05;0,0149;931,4
2016-09-06;0,0148;891,5
2016-09-07;0,0149;2020
2016-09-08;0,0149;1070
2016-09-09;0,0152;2871,6
2016-09-12;0,0151;1781,7
2016-09-13;0,0152;3671,5
2016-09-14;0,0153;4051,5
2016-09-15;0,0154;2301,5
2016-09-16;0,0154;2281,6
2016-09-19;0,0155;2006,6
2016-09-20;0,0158;1911,6
2016-09-21;0,0158;2891,7
2016-09-22;0,0153;1701,7
2016-09-23;0,0156;3604,7
2016-09-26;0,0166;3318,8
2016-09-27;0,0187;1560
2016-09-28;0,017;2642
2016-09-29;0,0095;1470
2016-09-30;0,0134;1746,4
2016-10-03;0,0156;1875
2016-10-04;0,0156;2780
2016-10-05;0,0156;3835
2016-10-06;0,0155;3080
2016-10-07;0,0152;2047,3
2016-10-10;0,015;2882,3
2016-10-11;0,0151;2090
2016-10-12;0,0153;1070
2016-10-13;0,015;3547,4
2016-10-14;0,0153;2466,5
2016-10-17;0,0152;1505,5
2016-10-18;0,015;1592,6
2016-10-19;0,0149;2932,6
2016-10-20;0,0141;3072,6
2016-10-21;0,0146;4265,7
2016-10-24;0,0139;2297,7
2016-10-25;0,0132;4715
2016-10-26;0,0092;2220
2016-10-27;0,0111;1480
2016-10-28;0,0146;1228,1
2016-10-31;0,0131;540,1
2016-11-02;0,0149;2550,2
2016-11-03;0,0151;790,2
2016-11-04;0,0146;1508,2
2016-11-07;0,0144;1720
2016-11-08;0,0144;2360,2
2016-11-09;0,0143;1980
2016-11-10;0,0105;3920
2016-11-14;0,0104;2123,2
2016-11-15;0,0104;2680,3
2016-11-16;0,0096;1965,4
2016-11-17;0,0099;1990,4
2016-11-18;0,0142;3090,4
2016-11-21;0,0152;5522,4
2016-11-22;0,015;2523,4
2016-11-23;0,0149;884,4
2016-11-24;0,0147;1310,5
2016-11-25;0,0118;2955,6
2016-11-28;0,008;3600
2016-11-29;0,0139;1735
2016-11-30;0,0133;50,7
2016-12-01;0,0148;2920,8
2016-12-02;0,0146;3560,8
2016-12-05;0,0151;315,8
2016-12-06;0,0148;1735
2016-12-07;0,0148;2430,1
2016-12-08;0,0149;730,1
2016-12-09;0,015;1050,1
2016-12-12;0,0149;1906,2
2016-12-13;0,015;503,2
2016-12-14;0,0148;1120,2
2016-12-15;0,0152;1280
2016-12-16;0,0146;2235,3
2016-12-19;0,0145;1030,3
2016-12-20;0,0139;1640
2016-12-21;0,0124;1609
2016-12-22;0,0131;2290
2016-12-23;0,0101;4920
2016-12-27;0,0082;2405
2016-12-28;0,0068;2569
2016-12-29;0,006;1919,6
2016-12-30;0,0107;1330
2017-01-02;0,0144;2110
2017-01-03;0,0139;2482
2017-01-04;0,0137;3016
2017-01-05;0,0116;4535,7
2017-01-09;0,0108;3375
2017-01-10;0,0133;3320,1
2017-01-11;0,013;3815,1
2017-01-12;0,0132;2090
2017-01-13;0,0132;3385,2
2017-01-16;0,0138;2360,2
2017-01-17;0,014;859,2
2017-01-18;0,0138;1160,3
2017-01-19;0,0128;1490,3
2017-01-20;0,0153;1399,3
2017-01-23;0,0156;569,4
2017-01-24;0,0153;1194,4
2017-01-25;0,0151;2445,4
2017-01-26;0,0149;3035,4
2017-01-27;0,0132;4180
2017-01-30;0,0147;445,5
2017-01-31;0,0147;0
2017-02-01;0,0148;1324,5
2017-02-02;0,0148;2435,5
2017-02-03;0,0149;2995,5
2017-02-06;0,0151;1225,4
2017-02-07;0,0151;1720
2017-02-08;0,0151;1704,5
2017-02-09;0,0151;1848,8
2017-02-10;0,015;1154,8
2017-02-13;0,0151;1274,9
2017-02-14;0,015;950
2017-02-15;0,0152;1024,9
2017-02-16;0,0152;574,9
2017-02-17;0,015;1074,7
2017-02-20;0,0151;1254,7
2017-02-21;0,015;3064,8
2017-02-22;0,0148;850
2017-02-23;0,0149;1249,8
2017-02-24;0,0133;3862
2017-02-27;0,0151;1913
2017-02-28;0,0126;625
2017-03-01;0,0151;1735
2017-03-02;0,0151;1780
2017-03-03;0,0149;1699,4
2017-03-06;0,0148;1814,8
2017-03-07;0,015;940
2017-03-08;0,0148;470
2017-03-09;0,0149;1750
2017-03-10;0,0156;1765
2017-03-13;0,0159;830
2017-03-14;0,0155;1120
2017-03-15;0,0155;1819
2017-03-16;0,0155;1950
2017-03-17;0,0153;1390
2017-03-20;0,0151;1685
2017-03-21;0,0149;2030
2017-03-22;0,0149;2804,1
2017-03-23;0,0148;2180
2017-03-24;0,0125;4745
2017-03-27;0,0088;2744,1
2017-03-28;0,0126;2799,2
2017-03-29;0,0084;2080
2017-03-30;0,0152;1415
2017-03-31;0,0139;595
2017-04-03;0,0149;1875
2017-04-04;0,0149;3450
2017-04-05;0,015;4692,4
2017-04-06;0,0151;1974,4
2017-04-07;0,0151;2294,5
2017-04-10;0,0156;2229,5
2017-04-11;0,0153;1819,6
2017-04-12;0,0152;2034,6
2017-04-13;0,0151;1150
2017-04-14;0,0154;3460
2017-04-18;0,0155;2940
2017-04-19;0,0156;1809,7
2017-04-20;0,0153;344,3
2017-04-21;0,0149;2455
2017-04-24;0,0149;1340
2017-04-25;0,0142;1880
2017-04-26;0,014;2160
2017-04-27;0,0141;3345
2017-04-28;0,0156;1095
2017-05-02;0,0153;2400
2017-05-04;0,0154;312,8
2017-05-05;0,0152;1370
2017-05-08;0,0153;1514
2017-05-09;0,0149;1114
2017-05-10;0,0149;450
2017-05-11;0,0151;1100
2017-05-12;0,0149;1543,6
2017-05-15;0,0152;765
2017-05-16;0,0154;1930
2017-05-17;0,0152;1634
2017-05-18;0,0152;2118,7
2017-05-19;0,0152;1083,8
2017-05-22;0,0152;450
2017-05-23;0,0152;350
2017-05-24;0,0149;625
2017-05-25;0,0148;2075
2017-05-26;0,0152;4283,7
2017-05-29;0,0152;350
2017-05-30;0,0149;625
2017-05-31;0,0159;331,8
2017-06-01;0,0152;1518,9
2017-06-02;0,0147;2978,9
2017-06-05;0,0152;2023,9
2017-06-06;0,0153;3288,9
2017-06-07;0,0154;1074
2017-06-08;0,0148;1600
2017-06-09;0,0144;143,9
2017-06-12;0,0145;230
2017-06-13;0,0135;2498,4
2017-06-14;0,0155;2025
2017-06-16;0,0142;1400
2017-06-19;0,0142;1683,7
2017-06-20;0,0143;1583,5
2017-06-21;0,0138;1070
2017-06-22;0,0139;220
2017-06-23;0,0132;2230
2017-06-26;0,0128;928,6
2017-06-27;0,0078;680
2017-06-28;0,0081;930
2017-06-29;0,0139;1480,7
2017-06-30;0,0139;895
2017-07-03;0,0153;200
2017-07-04;0,0152;500
2017-07-05;0,0152;1155
2017-07-06;0,0151;1000
2017-07-07;0,015;1580
2017-07-10;0,0149;745
2017-07-11;0,0151;245
2017-07-12;0,0151;21,7
2017-07-13;0,0153;1575
2017-07-14;0,0151;930
2017-07-17;0,0151;550
2017-07-18;0,0151;1090
2017-07-19;0,0149;1930
2017-07-20;0,015;2150
2017-07-21;0,0145;1668,8
2017-07-24;0,0141;1000
2017-07-25;0,0142;1720
2017-07-26;0,0145;1450
2017-07-27;0,0145;1474,5
2017-07-28;0,0148;54,5
2017-07-31;0,0148;0
2017-08-01;0,0144;2265
2017-08-02;0,014;1250
2017-08-03;0,0142;1500
2017-08-04;0,0138;2300
2017-08-07;0,0141;500
2017-08-08;0,0142;879,8
2017-08-09;0,0142;429,8
2017-08-10;0,0149;1250
2017-08-11;0,0142;669,9
2017-08-14;0,0144;2819,9
2017-08-16;0,0144;870
2017-08-17;0,0145;1297,8
2017-08-18;0,0145;2319,8
2017-08-21;0,0148;719,8
2017-08-22;0,0149;67,7
2017-08-23;0,0144;759,7
2017-08-24;0,0143;989,8
2017-08-25;0,012;1960
2017-08-28;0,0109;2929
2017-08-29;0,0065;1631
2017-08-30;0,0138;1497
2017-08-31;0,0112;424,9
2017-09-01;0,0147;1400
2017-09-04;0,0148;1710
2017-09-05;0,0149;1490
2017-09-06;0,0149;700
2017-09-07;0,0149;1470
2017-09-08;0,0152;2675
2017-09-11;0,0152;2250
2017-09-12;0,015;800
2017-09-13;0,0147;1110
2017-09-14;0,0152;50
2017-09-15;0,015;3415
2017-09-18;0,0151;1680
2017-09-19;0,0147;2075
2017-09-20;0,0142;1300
2017-09-21;0,0143;2210
2017-09-22;0,0152;2710
2017-09-25;0,017;1440
2017-09-26;0,0185;1320
2017-09-27;0,0198;2225
2017-09-28;0,0209;1580
2017-09-29;0,0158;515
2017-10-02;0,0147;1380
2017-10-03;0,0146;1629,4
2017-10-04;0,0141;479,4
2017-10-05;0,0144;1929,4
2017-10-06;0,0142;2234,4
2017-10-09;0,0145;856
2017-10-10;0,0149;991,7
2017-10-11;0,0143;909,3
2017-10-12;0,0143;1336,3
2017-10-13;0,0149;2369,4
2017-10-16;0,0152;1539,4
2017-10-17;0,0153;1020
2017-10-18;0,0148;615
2017-10-19;0,0145;1320
2017-10-20;0,0135;4274,4
2017-10-23;0,0113;2110
2017-10-24;0,0121;470
2017-10-25;0,0078;2705
2017-10-26;0,0065;2860
2017-10-27;0,0073;1909,4
2017-10-30;0,0153;85
2017-10-31;0,015;300
2017-11-02;0,0152;1800
2017-11-03;0,0147;3074,5
2017-11-06;0,0145;2474,5
2017-11-07;0,0143;2138
2017-11-08;0,0143;2395
2017-11-09;0,0144;2210
2017-11-10;0,0145;2503
2017-11-13;0,0144;2199,2
2017-11-14;0,014;3254,2
2017-11-15;0,0139;2079,2
2017-11-16;0,0143;1879,2
2017-11-17;0,0135;1830
2017-11-20;0,0126;1990
2017-11-21;0,0103;780
2017-11-22;0,0138;1420
2017-11-23;0,0148;1085
2017-11-24;0,0104;2759,3
2017-11-27;0,0118;2207,5
2017-11-28;0,0097;1953
2017-11-29;0,015;1473
2017-11-30;0,0153;95,6
2017-12-01;0,0144;1340
2017-12-04;0,0124;2420
2017-12-05;0,0127;895
2017-12-06;0,0137;1330
2017-12-07;0,0138;1590
2017-12-08;0,015;1450
2017-12-11;0,0163;60
2017-12-12;0,0156;2250
2017-12-13;0,0151;550
2017-12-14;0,015;500
2017-12-15;0,0114;2495
2017-12-18;0,0118;2600
2017-12-19;0,0126;3320
2017-12-20;0,0129;1620
2017-12-21;0,0115;1420
2017-12-22;0,0094;1265
2017-12-27;0,0107;1600
2017-12-28;0,0101;1975
2017-12-29;0,0155;10
2018-01-02;0,0133;2360
2018-01-03;0,013;1780
2018-01-04;0,0125;2595
2018-01-05;0,0125;4275
2018-01-08;0,0127;2808
2018-01-09;0,0125;2232
2018-01-10;0,0129;1979,2
2018-01-11;0,0127;1435,8
2018-01-12;0,0126;1305
2018-01-15;0,0136;1275
2018-01-16;0,013;2125
2018-01-17;0,0124;1735,1
2018-01-18;0,0113;2125
2018-01-19;0,0095;2175
2018-01-22;0,0077;3238
2018-01-23;0,0117;2125
2018-01-24;0,009;2990
2018-01-25;0,0088;2109
2018-01-26;0,0085;3444
2018-01-29;0,0075;3310
2018-01-30;0,0146;145
2018-01-31;0,0134;205,1
2018-02-01;0,0136;1390
2018-02-02;0,0143;1850
2018-02-05;0,0145;2245
2018-02-06;0,0146;1240,1
2018-02-07;0,0147;998,5
2018-02-08;0,0148;1170
2018-02-09;0,0163;2380
2018-02-12;0,0154;510
2018-02-13;0,0149;900
2018-02-14;0,015;1270
2018-02-15;0,0152;1325
2018-02-16;0,0151;2065
2018-02-19;0,014;645
2018-02-20;0,0126;1110
2018-02-21;0,0123;880
2018-02-22;0,0131;1605
2018-02-23;0,0065;1895
2018-02-26;0,0138;318
2018-02-27;0,0122;1255
2018-02-28;0,0143;75
2018-03-01;0,0142;6768
2018-03-02;0,0142;4120
2018-03-05;0,0141;2045
2018-03-06;0,014;1640
2018-03-07;0,0137;1310
2018-03-08;0,0143;990
2018-03-09;0,013;1470
2018-03-12;0,0142;2565
2018-03-13;0,0138;1540,1
2018-03-14;0,014;2240
2018-03-15;0,0143;1335
2018-03-16;0,0144;1590
2018-03-19;0,0145;1995
2018-03-20;0,0141;1475
2018-03-21;0,014;820
2018-03-22;0,0139;775
2018-03-23;0,0159;2530
2018-03-26;0,0173;3050
2018-03-27;0,0201;3310
2018-03-28;0,0228;3161,8
2018-03-29;0,0238;3420,5
2018-03-30;0,0156;2482
2018-04-03;0,0147;2794,4
2018-04-04;0,0145;900
2018-04-05;0,0146;2120
2018-04-06;0,0148;1150
2018-04-09;0,0146;280
2018-04-10;0,0144;1070
2018-04-11;0,0146;1400
2018-04-12;0,0147;920
2018-04-13;0,0163;825
2018-04-16;0,0189;800
2018-04-17;0,0161;1790
2018-04-18;0,015;1710
2018-04-19;0,0148;860
2018-04-20;0,0143;2370
2018-04-23;0,014;1730
2018-04-24;0,0141;1891,6
2018-04-25;0,0136;3100
2018-04-26;0,0136;2473
2018-04-27;0,0151;1695
2018-04-30;0,0153;480
2018-05-02;0,0146;4350
2018-05-04;0,0149;1630
2018-05-07;0,0152;1840
2018-05-08;0,0147;1930
2018-05-09;0,0146;2450
2018-05-10;0,0147;3316,4
2018-05-11;0,0137;4170
2018-05-14;0,0137;2060
2018-05-15;0,0138;2470
2018-05-16;0,014;1306
2018-05-17;0,0144;1935
2018-05-18;0,0143;3220
2018-05-21;0,0139;2150
2018-05-22;0,0137;1310
2018-05-23;0,0136;2720
2018-05-24;0,0137;2380
2018-05-25;0,0096;3533
2018-05-28;0,0099;1070,2
2018-05-29;0,0094;2665
2018-05-30;0,0152;1022
2018-06-01;0,0151;2380
2018-06-04;0,015;3620
2018-06-05;0,015;1050
2018-06-06;0,0151;1447,4
2018-06-07;0,015;997,4
2018-06-08;0,015;675
2018-06-11;0,0152;1472,2
2018-06-12;0,0151;1165
2018-06-13;0,0151;2180
2018-06-14;0,0152;1797,2
2018-06-15;0,015;1867,3
2018-06-18;0,0151;600
2018-06-19;0,0153;2137,3
2018-06-20;0,0153;2736,9
2018-06-21;0,0152;1650
2018-06-22;0,0132;2360
2018-06-25;0,0116;4145,2
2018-06-26;0,0143;4775
2018-06-27;0,0139;2900
2018-06-28;0,0128;4955
2018-06-29;0,0119;120
2018-07-02;0,015;1350
2018-07-03;0,0151;2317,7
2018-07-04;0,0149;1417,7
2018-07-05;0,0149;2146,7
2018-07-06;0,0151;1066,4
2018-07-09;0,0152;1176,7
2018-07-10;0,0153;1240
2018-07-11;0,0152;2075
2018-07-12;0,0152;1510
2018-07-13;0,0152;895,8
2018-07-16;0,0152;380
2018-07-17;0,0156;690
2018-07-18;0,0151;1615,6
2018-07-19;0,015;3150,6
2018-07-20;0,0113;1590,6
2018-07-23;0,0116;1970
2018-07-24;0,009;1895,7
2018-07-25;0,0134;2695
2018-07-26;0,0122;5050
2018-07-27;0,009;1028
2018-07-30;0,0129;815
2018-07-31;0,0141;195
2018-08-01;0,0147;1985
2018-08-02;0,0146;2370
2018-08-03;0,0143;1769
2018-08-06;0,0147;980
2018-08-07;0,0145;250
2018-08-08;0,0143;1450
2018-08-09;0,0143;1000
2018-08-10;0,0141;1990
2018-08-13;0,0143;2744
2018-08-14;0,0141;2584
2018-08-16;0,0144;1449
2018-08-17;0,011;1592,5
2018-08-20;0,0105;2855,5
2018-08-21;0,0119;1860,6
2018-08-22;0,0113;2310,6
2018-08-23;0,0104;3150
2018-08-24;0,0086;1836,6
2018-08-27;0,0105;2229
2018-08-28;0,0084;3025
2018-08-29;0,0082;2535
2018-08-30;0,0146;2853,7
2018-08-31;0,0135;733,7
2018-09-03;0,0151;2953,8
2018-09-04;0,0151;2748,8
2018-09-05;0,0152;1440
2018-09-06;0,0153;2313,8
2018-09-07;0,0144;1559,3
2018-09-10;0,014;214,9
2018-09-11;0,0136;910
2018-09-12;0,0138;1825
2018-09-13;0,014;995
2018-09-14;0,0126;3010
2018-09-17;0,0124;1443,7
2018-09-18;0,0132;1600
2018-09-19;0,0134;1100
2018-09-20;0,0124;970
2018-09-21;0,0168;2470,8
2018-09-24;0,0174;850
2018-09-25;0,0185;2890
2018-09-26;0,0184;2135
2018-09-27;0,0185;2310
2018-09-28;0,0138;490
2018-10-01;0,0146;1225
2018-10-02;0,0147;3215
2018-10-03;0,0145;1000
2018-10-04;0,0146;3155
2018-10-05;0,0154;830
2018-10-08;0,0152;1095,8
2018-10-09;0,0154;1695,9
2018-10-10;0,0154;1852,4
2018-10-11;0,0149;3180
2018-10-12;0,0142;5538,4
2018-10-15;0,0139;2350
2018-10-16;0,0141;1800
2018-10-17;0,0132;1175
2018-10-18;0,0132;1220
2018-10-19;0,014;1421
2018-10-22;0,0111;2071
2018-10-23;0,0094;3121,1
2018-10-24;0,0095;2945
2018-10-25;0,0082;1500
2018-10-26;0,0078;2910
2018-10-29;0,0061;2485
2018-10-30;0,0155;1203,8
2018-10-31;0,023;80
2018-11-02;0,0134;650
2018-11-05;0,0142;936,9
2018-11-06;0,0137;3110
2018-11-07;0,0135;750
2018-11-08;0,014;1910
2018-11-09;0,0145;100
2018-11-12;0,0131;1000
2018-11-13;0,0126;1761,1
2018-11-14;0,0132;1075
2018-11-15;0,0129;1255
2018-11-16;0,0146;1423,7
2018-11-19;0,0116;1400
2018-11-20;0,0119;738
2018-11-21;0,0103;610,7
2018-11-22;0,0072;206,3
2018-11-23;0,0121;1080
2018-11-26;0,0113;2364
2018-11-27;0,0114;1772
2018-11-28;0,0086;1155
2018-11-29;0,0155;1350
2018-11-30;0,015;335
2018-12-03;0,0135;2149,4
2018-12-04;0,011;2225
2018-12-05;0,0108;2110
2018-12-06;0,0117;1110
2018-12-07;0,0104;400
2018-12-10;0,0099;1418,5
2018-12-11;0,0116;2055
2018-12-12;0,0137;250
2018-12-13;0,013;1340
2018-12-14;0,0084;1930
2018-12-17;0,0101;1655
2018-12-18;0,0113;3210
2018-12-19;0,0108;2045
2018-12-20;0,0098;2760
2018-12-21;0,0106;1940
2018-12-24;0,0104;2115
2018-12-27;0,01;3705
2018-12-28;0,017;150
2018-12-31;0,0142;290
2019-01-02;0,0144;1875
2019-01-03;0,0137;1725
2019-01-04;0,014;1583,9
2019-01-07;0,0149;2300
2019-01-08;0,0145;1290
2019-01-09;0,0149;2034
2019-01-10;0,0147;1838,9
2019-01-11;0,0135;2087,8
2019-01-14;0,0137;1625
2019-01-15;0,013;1550
2019-01-16;0,013;1687,9
2019-01-17;0,0124;1100
2019-01-18;0,0132;740,5
2019-01-21;0,0077;937,8
2019-01-22;0,0114;1957,9
2019-01-23;0,0099;1982,7
2019-01-24;0,0114;52,7
2019-01-25;0,0123;230
2019-01-28;0,0081;1080
2019-01-29;0,0075;3800
2019-01-30;0,0119;1590
2019-01-31;0,0127;320
2019-02-01;0,0141;1663,7
2019-02-04;0,0139;383,8
2019-02-05;0,0143;1363,8
2019-02-06;0,0141;803,8
2019-02-07;0,0149;718,4
2019-02-08;0,0146;807,3
2019-02-11;0,0148;1990
2019-02-12;0,0146;1890
2019-02-13;0,0146;1390
2019-02-14;0,0147;400
2019-02-15;0,0143;600
2019-02-18;0,0143;1100
2019-02-19;0,0141;750
2019-02-20;0,0142;1155
2019-02-21;0,014;1340
2019-02-22;0,0128;1670
2019-02-25;0,0076;817,3
2019-02-26;0,0072;1760
2019-02-27;0,0138;1152,3
2019-02-28;0,0121;267,4
2019-03-01;0,0149;1590
2019-03-04;0,0148;1067,4
2019-03-05;0,015;2067,5
2019-03-06;0,0148;1767,5
2019-03-07;0,015;947,5
2019-03-08;0,0148;2089,7
2019-03-11;0,0146;725
2019-03-12;0,0146;1024,8
2019-03-13;0,0145;1030
2019-03-14;0,0147;2515
2019-03-15;0,0151;843,3
2019-03-18;0,015;1214,8
2019-03-19;0,0148;270
2019-03-20;0,0147;174,8
2019-03-21;0,0147;1169,8
2019-03-22;0,0122;2699,6
2019-03-25;0,0126;2334,6
2019-03-26;0,0139;800
2019-03-27;0,0145;2220
2019-03-28;0,0142;2575
2019-03-29;0,005;190
2019-04-01;0,0146;450
2019-04-02;0,0146;1320
2019-04-03;0,0146;1500
2019-04-04;0,0149;1900
2019-04-05;0,0142;480
2019-04-08;0,014;650
2019-04-09;0,0144;1100
2019-04-10;0,0144;560,6
2019-04-11;0,0144;1025
2019-04-12;0,0155;690
2019-04-15;0,0159;1113
2019-04-16;0,0153;1550
2019-04-17;0,0148;1828,8
2019-04-18;0,0148;1460
2019-04-19;0,0147;4610
2019-04-23;0,0143;2660
2019-04-24;0,0142;2993,2
2019-04-25;0,0135;4133,2
2019-04-26;0,0095;2573,2
2019-04-29;0,0148;925
2019-04-30;0,0147;845
2019-05-02;0,0141;3565
2019-05-06;0,0138;2853,3
2019-05-07;0,0138;758,4
2019-05-08;0,0138;1720
2019-05-09;0,0145;1697,4
2019-05-10;0,0151;2020
2019-05-13;0,0156;1160
2019-05-14;0,016;1560
2019-05-15;0,0166;1104,8
2019-05-16;0,0153;2525
2019-05-17;0,0144;1883,3
2019-05-20;0,0147;997,5
2019-05-21;0,0145;1325
2019-05-22;0,0146;2480
2019-05-23;0,0142;1845
2019-05-24;0,0141;1900,3
2019-05-27;0,0149;1862,6
2019-05-28;0,0133;3350
2019-05-29;0,0087;2905
2019-05-30;0,0137;1035
2019-05-31;0,0146;155
2019-06-03;0,0147;742,6
2019-06-04;0,0149;1467,6
2019-06-05;0,0149;1327,6
2019-06-06;0,0151;1267,6
2019-06-07;0,0141;2742,1
2019-06-10;0,0139;747,6
2019-06-11;0,0141;1495
2019-06-12;0,014;1420
2019-06-13;0,0143;845
2019-06-14;0,0136;1115,1
2019-06-17;0,0134;1770
2019-06-18;0,0141;1085
2019-06-19;0,0137;900
2019-06-21;0,0136;2080,1
2019-06-24;0,0143;1930,1
2019-06-25;0,0145;2385,1
2019-06-26;0,0142;4320,1
2019-06-27;0,014;3055,2
2019-06-28;0,0135;12,2
2019-07-01;0,0144;2205,1
2019-07-02;0,0144;2544,5
2019-07-03;0,0141;2070,9
2019-07-04;0,0144;1370,1
2019-07-05;0,0138;1678,5
2019-07-08;0,0136;780,2
2019-07-09;0,014;770,2
2019-07-10;0,0136;450
2019-07-11;0,0143;1162,4
2019-07-12;0,0148;1840,1
2019-07-15;0,0146;955
2019-07-16;0,0145;2200
2019-07-17;0,0143;2740
2019-07-18;0,0142;1729
2019-07-19;0,015;576,9
2019-07-22;0,0152;895
2019-07-23;0,015;1360
2019-07-24;0,0149;2260
2019-07-25;0,0146;3006,4
2019-07-26;0,0146;2545
2019-07-29;0,0105;960
2019-07-30;0,0149;1915
2019-07-31;0,0127;950
2019-08-01;0,015;1330
2019-08-02;0,0147;1730
2019-08-05;0,0151;1570
2019-08-06;0,0148;810
2019-08-07;0,0148;2030
2019-08-08;0,0151;2065
2019-08-09;0,0164;2808
2019-08-12;0,0161;3886
2019-08-13;0,0156;1790
2019-08-14;0,0159;3060
2019-08-16;0,0152;1098,1
2019-08-19;0,0149;483,1
2019-08-20;0,0138;1167,2
2019-08-21;0,014;485
2019-08-22;0,0143;730
2019-08-23;0,0145;1195
2019-08-26;0,0149;2255
2019-08-27;0,0139;2655
2019-08-28;0,0127;1577,6
2019-08-29;0,0089;2725
2019-08-30;0,0147;1366
2019-09-02;0,0153;1600
2019-09-03;0,0149;710
2019-09-04;0,0153;1160
2019-09-05;0,0147;635
2019-09-06;0,0147;1515
2019-09-09;0,0147;905,7
2019-09-10;0,0147;915,8
2019-09-11;0,0148;1300
2019-09-12;0,0148;1544,6
2019-09-13;0,0147;1714
2019-09-16;0,0151;1356,1
2019-09-17;0,0149;852,6
2019-09-18;0,0151;1050
2019-09-19;0,015;1392,6
2019-09-20;0,0148;1530
2019-09-23;0,015;620
2019-09-24;0,0147;311
2019-09-25;0,0126;3040
2019-09-26;0,0111;1879,8
2019-09-27;0,0146;1175
2019-09-30;0,014;495
2019-10-01;0,0146;2265
2019-10-02;0,0145;900
2019-10-03;0,0145;985
2019-10-04;0,0145;1960
2019-10-07;0,0148;660
2019-10-08;0,0146;900
2019-10-09;0,0145;1410
2019-10-10;0,0146;1380
2019-10-11;0,0142;1643
2019-10-14;0,0142;1270
2019-10-15;0,0143;1365
2019-10-16;0,0143;2090
2019-10-17;0,0141;2115
2019-10-18;0,0141;360
2019-10-21;0,0145;705
2019-10-22;0,0141;1010
2019-10-23;0,0141;1335
2019-10-24;0,0144;1775
2019-10-25;0,0149;2150
2019-10-28;0,015;4915
2019-10-29;0,0143;3550
2019-10-30;0,0146;1850
2019-10-31;0,0145;300
2019-11-04;0,0147;3315
2019-11-05;0,0146;2310
2019-11-06;0,0149;1675
2019-11-07;0,0148;655
2019-11-08;0,0148;1960
2019-11-12;0,0147;1500
2019-11-13;0,0146;2240
2019-11-14;0,0145;1840
2019-11-15;0,0144;2820
2019-11-18;0,0139;530
2019-11-19;0,0135;710
2019-11-20;0,0134;550
2019-11-21;0,0137;570
2019-11-22;0,014;1950
2019-11-25;0,0148;2552,2
2019-11-26;0,0143;997,2
2019-11-27;0,0112;1132,2
2019-11-28;0,0094;1087,3
2019-11-29;0,0155;20
2019-12-02;0,0147;2390
2019-12-03;0,0146;2900
2019-12-04;0,0146;2590
2019-12-05;0,0147;2340
2019-12-06;0,0143;610
2019-12-09;0,0144;725
2019-12-10;0,0141;920
2019-12-11;0,014;1070
2019-12-12;0,0141;1325
2019-12-13;0,0142;1450
2019-12-16;0,0145;1355,4
2019-12-17;0,0134;1265,9
2019-12-18;0,0101;1860
2019-12-19;0,008;690
2019-12-20;0,0081;1610
2019-12-23;0,0068;3050
2019-12-24;0,0071;1360
2019-12-27;0,0063;5983
2019-12-30;0,0112;2470
2019-12-31;0,0129;350
2020-01-02;0,0124;545
2020-01-03;0,0133;2320
2020-01-07;0,0127;1580
2020-01-08;0,0121;1190
2020-01-09;0,0121;970
2020-01-10;0,0101;1575
2020-01-13;0,0105;2495
2020-01-14;0,0098;3395
2020-01-15;0,0103;3503
2020-01-16;0,0108;4600
2020-01-17;0,0137;1890
2020-01-20;0,0133;1980
2020-01-21;0,0131;1850
2020-01-22;0,0127;1950
2020-01-23;0,0124;1590
2020-01-24;0,0108;2370
2020-01-27;0,0089;3559
2020-01-28;0,0108;5200
2020-01-29;0,0091;2415
2020-01-30;0,0132;600
2020-01-31;0,0132;0
2020-02-03;0,0132;4190
2020-02-04;0,0125;2070
2020-02-05;0,013;3280
2020-02-06;0,0129;3710
2020-02-07;0,0133;2520
2020-02-10;0,0133;2300
2020-02-11;0,0133;3190
2020-02-12;0,0132;3100
2020-02-13;0,013;2465
2020-02-14;0,0132;3130
2020-02-17;0,0134;835
2020-02-18;0,0135;2280
2020-02-19;0,0136;1510
2020-02-20;0,0136;1130
2020-02-21;0,0133;2605
2020-02-24;0,0123;1520
2020-02-25;0,0141;2920
2020-02-26;0,0133;2170
2020-02-27;0,0112;1875
2020-02-28;0,0117;150
2020-03-02;0,0134;2225
2020-03-03;0,0125;2580
2020-03-04;0,0122;1410
2020-03-05;0,012;2520
2020-03-06;0,0122;2800
2020-03-09;0,0135;960
2020-03-10;0,0137;300
2020-03-11;0,014;940
2020-03-12;0,0134;650
2020-03-13;0,0102;2000
2020-03-16;0,0084;1560
2020-03-17;0,0071;310
2020-03-18;0,0056;660
2020-03-19;0,006;550
2020-03-20;0,0062;1760
2020-03-23;0,006;1100
2020-03-24;0,0055;300
2020-03-25;0,0057;1360
2020-03-26;0,0065;130
2020-03-27;0,0057;980
2020-03-30;0,0098;1010
2020-03-31;0,0071;400
2020-04-01;0,0074;5790
2020-04-02;0,0077;4840
2020-04-03;0,0087;3720
2020-04-06;0,0093;1750
2020-04-07;0,0099;1100
2020-04-08;0,0094;835
2020-04-09;0,0043;1900
2020-04-10;0,0041;2040
2020-04-14;0,0044;1695
2020-04-15;0,005;1093
2020-04-16;0,0043;3225
2020-04-17;0,0027;3360
2020-04-20;0,0026;1650
2020-04-21;0,0022;2250
2020-04-22;0,0015;2825
2020-04-23;0,0009;650
2020-04-24;0,0023;2125
2020-04-27;0,0012;3165
2020-04-28;0,0012;2200
2020-04-29;0,0051;480
2020-04-30;0,0025;1870
2020-05-04;0,0009;2160
2020-05-05;0,0007;3580
2020-05-06;0,0009;1150
2020-05-07;0,0005;2270
2020-05-08;0,001;3830
2020-05-11;0,0009;3275
2020-05-12;0,0013;1950
2020-05-13;0,0013;2790
2020-05-14;0,0016;7320
2020-05-15;0,0008;3175
2020-05-18;0,0004;2885
2020-05-19;0,0005;2324
2020-05-20;0,0006;1250
2020-05-21;0,0009;1165
2020-05-22;0,0005;3050
2020-05-25;0,0006;4847
2020-05-26;0,001;3045
2020-05-27;0,0007;2195
2020-05-28;0,0006;2475
2020-05-29;0,0007;390
2020-06-01;0,0008;250
2020-06-02;0,0004;1930
2020-06-03;0,0005;440
2020-06-04;0,0004;340
2020-06-05;0,0005;3200
2020-06-08;0,0002;1460
2020-06-09;0,0004;620
2020-06-10;0,0002;1880
2020-06-12;0,0002;710
2020-06-15;0,0004;1920
2020-06-16;0,0003;2360
2020-06-17;0,0004;990
2020-06-18;0,0004;485
2020-06-19;0,0004;580
2020-06-22;0,0004;435
2020-06-23;0,0003;1920
2020-06-24;0,0002;1640
2020-06-25;0,0003;3375
2020-06-26;0,0002;940
2020-06-29;0,0002;2615
2020-06-30;0,0005;590
2020-07-01;0,0003;1125
2020-07-02;0,0003;185
2020-07-03;0,0003;1140
2020-07-06;0,0003;2715
2020-07-07;0,0002;2285
2020-07-08;0,0002;2150
2020-07-09;0,0002;1955
2020-07-10;0,0002;3111
2020-07-13;0,0002;2263
2020-07-14;0,0002;2040
2020-07-15;0,0002;4193
2020-07-16;0,0003;5055
2020-07-17;0,0002;2075
2020-07-20;0,0002;6028
2020-07-21;0,0002;3900
2020-07-22;0,0002;3380
2020-07-23;0,0002;3245
2020-07-24;0,0002;2100
2020-07-27;0,0003;4950
2020-07-28;0,0003;4729
2020-07-29;0,0003;4375
2020-07-30;0,0003;1670
2020-07-31;0,0003;1725
2020-08-03;0,0002;1920
2020-08-04;0,0002;1860
2020-08-05;0,0002;2560
2020-08-06;0,0002;1730
2020-08-07;0,0002;3235
2020-08-10;0,0002;3010
2020-08-11;0,0002;2160
2020-08-12;0,0002;2250
2020-08-13;0,0002;2490
2020-08-14;0,0002;3540
2020-08-17;0,0003;4130
2020-08-18;0,0003;4900
2020-08-19;0,0002;4535
2020-08-20;0,0002;5575
2020-08-21;0,0002;2960
2020-08-24;0,0002;2020
2020-08-25;0,0002;3055
2020-08-26;0,0003;3085
2020-08-27;0,0003;2700
2020-08-28;0,0002;3185
2020-08-31;0,0003;2220
2020-09-01;0,0002;3920
2020-09-02;0,0002;2470
2020-09-03;0,0002;1545
2020-09-04;0,0002;1900
2020-09-07;0,0002;2166
2020-09-08;0,0002;1450
2020-09-09;0,0002;2270
2020-09-10;0,0003;1830
2020-09-11;0,0002;650
2020-09-14;0,0002;1180
2020-09-15;0,0003;4530
2020-09-16;0,0003;5850
2020-09-17;0,0002;2750
2020-09-18;0,0002;2220
2020-09-21;0,0003;3695
2020-09-22;0,0003;2380
2020-09-23;0,0003;1995
2020-09-24;0,0003;790
2020-09-25;0,0002;1980
2020-09-28;0,0003;1680
2020-09-29;0,0003;2745
2020-09-30;0,0003;2820
2020-10-01;0,0003;3363
2020-10-02;0,0003;2800
2020-10-05;0,0004;4980
2020-10-06;0,0003;3890
2020-10-07;0,0004;2800
2020-10-08;0,0007;4267,5
2020-10-09;0,0004;1160
2020-10-12;0,0002;620
2020-10-13;0,0003;500
2020-10-14;0,0002;1730
2020-10-15;0,0003;3675
2020-10-16;0,0002;3950
